Number of Type 6 cams,12
ID,middle point,x,y,z,start point, start zoom, middle point zoom, end point, end zoom
0,1125000,7722616,-11575558,202000,35283755,97000,270000,25000,270000
1,10125000,8722616,-12775558,197000,225000,97000,270000,3125000,270000
2,19125000,1222616,-14725558,697000,125000,97000,270000,425000,270000
3,23175000,472616,-4975558,147000,8225000,97000,270000,10125000,270000
4,37125000,7072616,-724558,116000,10225000,97000,270000,17125000,270000
5,1125000,7422616,-4824558,197000,35283755,97000,270000,1125000,270000
6,10125000,2867616,-3624558,87000,225000,97000,270000,10125000,270000
7,19125000,3417616,-6104558,87000,9225000,97000,270000,19125000,270000
8,23175000,7506116,-6224558,52000,18225000,97000,270000,28125000,270000
9,23175000,6397616,-8760558,195000,18225000,97000,270000,28125000,270000
10,23175000,1426116,-9024558,79000,18225000,97000,270000,28125000,270000
11,23175000,1826116,-12174558,217000,18225000,97000,270000,28125000,270000
Number of Type 2 cams,0
ID,middle point,x,y,z,start point, start zoom, middle point zoom, end point, end zoom
Number of Type 7 cams,1
ID,zero,x,y,z,z rotation,vert rotation, tilt, ?, zero,zero,zero,zero
0,0,647447,-5590188,600000,-1025250258,-1136088124,0,0,0,0,0,0
