frame,timestamp_ms,car_index,car_number,value_000,value_001,value_002,value_003,value_004,value_005,value_006,value_007,value_008,value_009,value_010,value_011,value_012,value_013,value_014,value_015,value_016,value_017,value_018,value_019,value_020,value_021,value_022,value_023,value_024,value_025,value_026,value_027,value_028,value_029,value_030,value_031,value_032,value_033,value_034,value_035,value_036,value_037,value_038,value_039,value_040,value_041,value_042,value_043,value_044,value_045,value_046,value_047,value_048,value_049,value_050,value_051,value_052,value_053,value_054,value_055,value_056,value_057,value_058,value_059,value_060,value_061,value_062,value_063,value_064,value_065,value_066,value_067,value_068,value_069,value_070,value_071,value_072,value_073,value_074,value_075,value_076,value_077,value_078,value_079,value_080,value_081,value_082,value_083,value_084,value_085,value_086,value_087,value_088,value_089,value_090,value_091,value_092,value_093,value_094,value_095,value_096,value_097,value_098,value_099,value_100,value_101,value_102,value_103,value_104,value_105,value_106,value_107,value_108,value_109,value_110,value_111,value_112,value_113,value_114,value_115,value_116,value_117,value_118,value_119,value_120,value_121,value_122,value_123,value_124,value_125,value_126,value_127,value_128,value_129,value_130,value_131,value_132
1,2025-11-06T10:45:16.660,1,,2348316,2347252,0,0,0,2348316,2348316,2348316,0,0,0,345862,0,0,8250,-21043,0,0,0,0,1565020,272664304,-16777216,-16777216,0,0,0,0,273788384,1,1,86852399,2,16777216,16777216,13,0,0,0,0,53008,45158,137458,118458,1705,1219,6824,50608477,6610084,0,13,0,0,-99,22,12315100,0,0,0,0,0,1194,6824,50608477,6610084,0,3961,4234,0,-1,10211145,10557007,4194304,0,0,4,0,0,0,0,0,0,0,0,0,0,0,44863,0,0,0,0,0,0,0,-1,0,0,0,-25,3447,0,-163,0,177104,0,0,0,0,0,86572236,86852400,87132564,0,32666,0,0,-8949993,-4854831,0,436425267,0,0,94,0,0,0,0,0,0,0,1,0
2,2025-11-06T10:45:16.677,1,,2348316,2347252,0,0,0,2348316,2348316,2348316,0,0,0,345862,0,0,8250,-21043,0,0,0,0,1565020,272664304,-16777216,-16777216,0,0,0,0,273788384,1,1,86852399,2,16777216,16777216,13,0,0,0,0,53008,45158,137458,118458,1705,1219,6824,50608477,6610084,0,13,0,0,-99,22,12397552,0,0,0,0,0,1194,6824,50608477,6610084,0,3961,4234,0,-1,10211145,10557007,4194304,0,0,4,0,0,0,0,0,0,0,0,0,0,0,44863,0,0,0,0,0,0,0,-1,0,0,0,-25,3447,0,-163,0,177104,0,0,0,0,0,86572236,86852400,87132564,0,32666,0,0,-8949993,-4854831,0,436425267,0,0,94,0,0,0,0,0,0,0,1,0
3,2025-11-06T10:45:16.696,1,,2348316,2347252,0,0,0,2348316,2348316,2348316,0,0,0,345862,0,0,8250,-21043,0,0,0,0,1565020,272664304,-16777216,-16777216,0,0,0,0,273788384,1,1,86852399,2,16777216,16777216,13,0,0,0,0,53008,45158,137458,118458,1705,1219,6824,50608477,6610084,0,13,0,0,-99,22,12397552,0,0,0,0,0,1194,6824,50608477,6610084,0,3961,4234,0,-1,10211145,10557007,4194304,0,0,4,0,0,0,0,0,0,0,0,0,0,0,44863,0,0,0,0,0,0,0,-1,0,0,0,-25,3447,0,-163,0,177104,0,0,0,0,0,86572236,86852400,87132564,0,32666,0,0,-8949993,-4854831,0,436425267,0,0,94,0,0,0,0,0,0,0,1,0
4,2025-11-06T10:45:16.716,1,,2348316,2347252,0,0,0,2348316,2348316,2348316,0,0,0,345862,0,0,8250,-21043,0,0,0,0,1565020,272664304,-16777216,-16777216,0,0,0,0,273788384,1,1,86852399,2,16777216,16777216,13,0,0,0,0,53008,45158,137458,118458,1705,1219,6824,50608477,6610084,0,13,0,0,-99,22,12397552,0,0,0,0,0,1194,6824,50608477,6610084,0,3961,4234,0,-1,10211145,10557007,4194304,0,0,4,0,0,0,0,0,0,0,0,0,0,0,44863,0,0,0,0,0,0,0,-1,0,0,0,-25,3447,0,-163,0,177104,0,0,0,0,0,86572236,86852400,87132564,0,32666,0,0,-8949993,-4854831,0,436425267,0,0,94,0,0,0,0,0,0,0,1,0
5,2025-11-06T10:45:16.736,1,,2348316,2347252,0,0,0,2348316,2348316,2348316,0,0,0,345862,0,0,8250,-21043,0,0,0,0,1565020,272664304,-16777216,-16777216,0,0,0,0,273788384,1,1,86852399,2,16777216,16777216,13,0,0,0,0,53008,45158,137458,118458,1705,1219,6824,50608477,6610084,0,13,0,0,-99,22,12397552,0,0,0,0,0,1194,6824,50608477,6610084,0,3961,4234,0,-1,10211145,10557007,4194304,0,0,4,0,0,0,0,0,0,0,0,0,0,0,44863,0,0,0,0,0,0,0,-1,0,0,0,-25,3447,0,-163,0,177104,0,0,0,0,0,86572236,86852400,87132564,0,32666,0,0,-8949993,-4854831,0,436425267,0,0,94,0,0,0,0,0,0,0,1,0
6,2025-11-06T10:45:16.756,1,,2348316,2347252,0,0,0,2348316,2348316,2348316,0,0,0,345862,0,0,8250,-21043,0,0,0,0,1565020,272664304,-16777216,-16777216,0,0,0,0,273788384,1,1,86852399,2,16777216,16777216,13,0,0,0,0,53008,45158,137458,118458,1705,1219,6824,50608477,6610084,0,13,0,0,-99,22,13364556,0,0,0,0,0,1194,6824,50608477,6610084,0,3961,4234,0,-1,10211145,10557007,4194304,0,0,4,0,0,0,0,0,0,0,0,0,0,0,44863,0,0,0,0,0,0,0,-1,0,0,0,-25,3447,0,-163,0,177104,0,0,0,0,0,86572236,86852400,87132564,0,32666,0,0,-8949993,-4854831,0,436425267,0,0,94,0,0,0,0,0,0,0,1,0
7,2025-11-06T10:45:16.776,1,,2348316,2347252,0,0,0,2348316,2348316,2348316,0,0,0,345862,0,0,8250,-21043,0,0,0,0,1565020,272664304,-16777216,-16777216,0,0,0,0,273788384,1,1,86852399,2,16777216,16777216,13,0,0,0,0,53008,45158,137458,118458,1705,1219,6824,50608477,6610084,0,13,0,0,-99,22,13364556,0,0,0,0,0,1194,6824,50608477,6610084,0,3961,4234,0,-1,10211145,10557007,4194304,0,0,4,0,0,0,0,0,0,0,0,0,0,0,44863,0,0,0,0,0,0,0,-1,0,0,0,-25,3447,0,-163,0,177104,0,0,0,0,0,86572236,86852400,87132564,0,32666,0,0,-8949993,-4854831,0,436425267,0,0,94,0,0,0,0,0,0,0,1,0
8,2025-11-06T10:45:16.797,1,,2348316,2347252,0,0,0,2348316,2348316,2348316,0,0,0,345862,0,0,8250,-21043,0,0,0,0,1565020,272664304,-16777216,-16777216,0,0,0,0,273788384,1,1,86852399,2,16777216,16777216,13,0,0,0,0,53008,45158,137458,118458,1705,1219,6824,50608477,6610084,0,13,0,0,-99,22,13364556,0,0,0,0,0,1194,6824,50608477,6610084,0,3961,4234,0,-1,10211145,10557007,4194304,0,0,4,0,0,0,0,0,0,0,0,0,0,0,44863,0,0,0,0,0,0,0,-1,0,0,0,-25,3447,0,-163,0,177104,0,0,0,0,0,86572236,86852400,87132564,0,32666,0,0,-8949993,-4854831,0,436425267,0,0,94,0,0,0,0,0,0,0,1,0
9,2025-11-06T10:45:16.816,1,,2348316,2347252,0,0,0,2348316,2348316,2348316,0,0,0,345862,0,0,8250,-21043,0,0,0,0,1565020,272664304,-16777216,-16777216,0,0,0,0,273788384,1,1,86852399,2,16777216,16777216,13,0,0,0,0,53008,45158,137458,118458,1705,1219,6824,50608477,6610084,0,13,0,0,-99,22,13406567,0,0,0,0,0,1194,6824,50608477,6610084,0,3961,4234,0,-1,10211145,10557007,4194304,0,0,4,0,0,0,0,0,0,0,0,0,0,0,44863,0,0,0,0,0,0,0,-1,0,0,0,-25,3447,0,-163,0,177104,0,0,0,0,0,86572236,86852400,87132564,0,32666,0,0,-8949993,-4854831,0,436425267,0,0,94,0,0,0,0,0,0,0,1,0
10,2025-11-06T10:45:16.837,1,,2348316,2347252,0,0,0,2348316,2348316,2348316,0,0,0,345862,0,0,8250,-21043,0,0,0,0,1565020,272664304,-16777216,-16777216,0,0,0,0,273788384,1,1,86852399,2,16777216,16777216,13,0,0,0,0,53008,45158,137458,118458,1705,1219,6824,50608477,6610084,0,13,0,0,-99,22,13406567,0,0,0,0,0,1194,6824,50608477,6610084,0,3961,4234,0,-1,10211145,10557007,4194304,0,0,4,0,0,0,0,0,0,0,0,0,0,0,44863,0,0,0,0,0,0,0,-1,0,0,0,-25,3447,0,-163,0,177104,0,0,0,0,0,86572236,86852400,87132564,0,32666,0,0,-8949993,-4854831,0,436425267,0,0,94,0,0,0,0,0,0,0,1,0
11,2025-11-06T10:45:16.856,1,,2348316,2347252,0,0,0,2348316,2348316,2348316,0,0,0,345862,0,0,8250,-21043,0,0,0,0,1565020,272664304,-16777216,-16777216,0,0,0,0,273788384,1,1,86852399,2,16777216,16777216,13,0,0,0,0,53008,45158,137458,118458,1705,1219,6824,50608477,6610084,0,13,0,0,-99,22,13406567,0,0,0,0,0,1194,6824,50608477,6610084,0,3961,4234,0,-1,10211145,10557007,4194304,0,0,4,0,0,0,0,0,0,0,0,0,0,0,44863,0,0,0,0,0,0,0,-1,0,0,0,-25,3447,0,-163,0,177104,0,0,0,0,0,86572236,86852400,87132564,0,32666,0,0,-8949993,-4854831,0,436425267,0,0,94,0,0,0,0,0,0,0,1,0
12,2025-11-06T10:45:16.877,1,,2348316,2347252,0,0,0,2348316,2348316,2348316,0,0,0,345862,0,0,8250,-21043,0,0,0,0,1565020,272664304,-16777216,-16777216,0,0,0,0,273788384,1,1,86852399,2,16777216,16777216,13,0,0,0,0,53008,45158,137458,118458,1705,1219,6824,50608477,6610084,0,13,0,0,-99,22,13449256,0,0,0,0,0,1194,6824,50608477,6610084,0,3961,4234,0,-1,10211145,10557007,4194304,0,0,4,0,0,0,0,0,0,0,0,0,0,0,44863,0,0,0,0,0,0,0,-1,0,0,0,-25,3447,0,-163,0,177104,0,0,0,0,0,86572236,86852400,87132564,0,32666,0,0,-8949993,-4854831,0,436425267,0,0,94,0,0,0,0,0,0,0,1,0
13,2025-11-06T10:45:16.897,1,,2348316,2347252,0,0,0,2348316,2348316,2348316,0,0,0,345862,0,0,8250,-21043,0,0,0,0,1565020,272664304,-16777216,-16777216,0,0,0,0,273788384,1,1,86852399,2,16777216,16777216,13,0,0,0,0,53008,45158,137458,118458,1705,1219,6824,50608477,6610084,0,13,0,0,-99,22,13449256,0,0,0,0,0,1194,6824,50608477,6610084,0,3961,4234,0,-1,10211145,10557007,4194304,0,0,4,0,0,0,0,0,0,0,0,0,0,0,44863,0,0,0,0,0,0,0,-1,0,0,0,-25,3447,0,-163,0,177104,0,0,0,0,0,86572236,86852400,87132564,0,32666,0,0,-8949993,-4854831,0,436425267,0,0,94,0,0,0,0,0,0,0,1,0
14,2025-11-06T10:45:16.916,1,,2348316,2347252,0,0,0,2348316,2348316,2348316,0,0,0,345862,0,0,8250,-21043,0,0,0,0,1565020,272664304,-16777216,-16777216,0,0,0,0,273788384,1,1,86852399,2,16777216,16777216,13,0,0,0,0,53008,45158,137458,118458,1705,1219,6824,50608477,6610084,0,13,0,0,-99,22,13449256,0,0,0,0,0,1194,6824,50608477,6610084,0,3961,4234,0,-1,10211145,10557007,4194304,0,0,4,0,0,0,0,0,0,0,0,0,0,0,44863,0,0,0,0,0,0,0,-1,0,0,0,-25,3447,0,-163,0,177104,0,0,0,0,0,86572236,86852400,87132564,0,32666,0,0,-8949993,-4854831,0,436425267,0,0,94,0,0,0,0,0,0,0,1,0
15,2025-11-06T10:45:16.937,1,,2348316,2347252,0,0,0,2348316,2348316,2348316,0,0,0,345862,0,0,8250,-21043,0,0,0,0,1565020,272664304,-16777216,-16777216,0,0,0,0,273788384,1,1,86852399,2,16777216,16777216,13,0,0,0,0,53008,45158,137458,118458,1705,1219,6824,50608477,6610084,0,13,0,0,-99,22,13492648,0,0,0,0,0,1194,6824,50608477,6610084,0,3961,4234,0,-1,10211145,10557007,4194304,0,0,4,0,0,0,0,0,0,0,0,0,0,0,44863,0,0,0,0,0,0,0,-1,0,0,0,-25,3447,0,-163,0,177104,0,0,0,0,0,86572236,86852400,87132564,0,32666,0,0,-8949993,-4854831,0,436425267,0,0,94,0,0,0,0,0,0,0,1,0
16,2025-11-06T10:45:16.957,1,,2348316,2347252,0,0,0,2348316,2348316,2348316,0,0,0,345862,0,0,8250,-21043,0,0,0,0,1565020,272664304,-16777216,-16777216,0,0,0,0,273788384,1,1,86852399,2,16777216,16777216,13,0,0,0,0,53008,45158,137458,118458,1705,1219,6824,50608477,6610084,0,13,0,0,-99,22,13492648,0,0,0,0,0,1194,6824,50608477,6610084,0,3961,4234,0,-1,10211145,10557007,4194304,0,0,4,0,0,0,0,0,0,0,0,0,0,0,44863,0,0,0,0,0,0,0,-1,0,0,0,-25,3447,0,-163,0,177104,0,0,0,0,0,86572236,86852400,87132564,0,32666,0,0,-8949993,-4854831,0,436425267,0,0,94,0,0,0,0,0,0,0,1,0
17,2025-11-06T10:45:16.977,1,,2348316,2347252,0,0,0,2348316,2348316,2348316,0,0,0,345862,0,0,8250,-21043,0,0,0,0,1565020,272664304,-16777216,-16777216,0,0,0,0,273788384,1,1,86852399,2,16777216,16777216,13,0,0,0,0,53008,45158,137458,118458,1705,1219,6824,50608477,6610084,0,13,0,0,-99,22,13492648,0,0,0,0,0,1194,6824,50608477,6610084,0,3961,4234,0,-1,10211145,10557007,4194304,0,0,4,0,0,0,0,0,0,0,0,0,0,0,44863,0,0,0,0,0,0,0,-1,0,0,0,-25,3447,0,-163,0,177104,0,0,0,0,0,86572236,86852400,87132564,0,32666,0,0,-8949993,-4854831,0,436425267,0,0,94,0,0,0,0,0,0,0,1,0
18,2025-11-06T10:45:16.996,1,,2348316,2347252,0,0,0,2348316,2348316,2348316,0,0,0,345862,0,0,8250,-21043,0,0,0,0,1565020,272664304,-16777216,-16777216,0,0,0,0,273788384,1,1,86852399,2,16777216,16777216,13,0,0,0,0,53008,45158,137458,118458,1705,1219,6824,50608477,6610084,0,13,0,0,-99,22,13492648,0,0,0,0,0,1194,6824,50608477,6610084,0,3961,4234,0,-1,10211145,10557007,4194304,0,0,4,0,0,0,0,0,0,0,0,0,0,0,44863,0,0,0,0,0,0,0,-1,0,0,0,-25,3447,0,-163,0,177104,0,0,0,0,0,86572236,86852400,87132564,0,32666,0,0,-8949993,-4854831,0,436425267,0,0,94,0,0,0,0,0,0,0,1,0
19,2025-11-06T10:45:17.017,1,,2348316,2347252,0,0,0,2348316,2348316,2348316,0,0,0,345862,0,0,8250,-21043,0,0,0,0,1565020,272664304,-16777216,-16777216,0,0,0,0,273788384,1,1,86852399,2,16777216,16777216,13,0,0,0,0,53008,45158,137458,118458,1705,1219,6824,50608477,6610084,0,13,0,0,-99,22,13536764,0,0,0,0,0,1194,6824,50608477,6610084,0,3961,4234,0,-1,10211145,10557007,4194304,0,0,4,0,0,0,0,0,0,0,0,0,0,0,44863,0,0,0,0,0,0,0,-1,0,0,0,-25,3447,0,-163,0,177104,0,0,0,0,0,86572236,86852400,87132564,0,32666,0,0,-8949993,-4854831,0,436425267,0,0,94,0,0,0,0,0,0,0,1,0
20,2025-11-06T10:45:17.037,1,,2348316,2347252,0,0,0,2348316,2348316,2348316,0,0,0,345862,0,0,8250,-21043,0,0,0,0,1565020,272664304,-16777216,-16777216,0,0,0,0,273788384,1,1,86852399,2,16777216,16777216,13,0,0,0,0,53008,45158,137458,118458,1705,1219,6824,50608477,6610084,0,13,0,0,-99,22,13536764,0,0,0,0,0,1194,6824,50608477,6610084,0,3961,4234,0,-1,10211145,10557007,4194304,0,0,4,0,0,0,0,0,0,0,0,0,0,0,44863,0,0,0,0,0,0,0,-1,0,0,0,-25,3447,0,-163,0,177104,0,0,0,0,0,86572236,86852400,87132564,0,32666,0,0,-8949993,-4854831,0,436425267,0,0,94,0,0,0,0,0,0,0,1,0
21,2025-11-06T10:45:17.057,1,,2348316,2347252,0,0,0,2348316,2348316,2348316,0,0,0,345862,0,0,8250,-21043,0,0,0,0,1565020,272664304,-16777216,-16777216,0,0,0,0,273788384,1,1,86852399,2,16777216,16777216,13,0,0,0,0,53008,45158,137458,118458,1705,1219,6824,50608477,6610084,0,13,0,0,-99,22,13536764,0,0,0,0,0,1194,6824,50608477,6610084,0,3961,4234,0,-1,10211145,10557007,4194304,0,0,4,0,0,0,0,0,0,0,0,0,0,0,44863,0,0,0,0,0,0,0,-1,0,0,0,-25,3447,0,-163,0,177104,0,0,0,0,0,86572236,86852400,87132564,0,32666,0,0,-8949993,-4854831,0,436425267,0,0,94,0,0,0,0,0,0,0,1,0
22,2025-11-06T10:45:17.076,1,,2348316,2347252,0,0,0,2348316,2348316,2348316,0,0,0,345862,0,0,8250,-21043,0,0,0,0,1565020,272664304,-16777216,-16777216,0,0,0,0,273788384,1,1,86852399,2,16777216,16777216,13,0,0,0,0,53008,45158,137458,118458,1705,1219,6824,50608477,6610084,0,13,0,0,-99,22,13581608,0,0,0,0,0,1194,6824,50608477,6610084,0,3961,4234,0,-1,10211145,10557007,4194304,0,0,4,0,0,0,0,0,0,0,0,0,0,0,44863,0,0,0,0,0,0,0,-1,0,0,0,-25,3447,0,-163,0,177104,0,0,0,0,0,86572236,86852400,87132564,0,32666,0,0,-8949993,-4854831,0,436425267,0,0,94,0,0,0,0,0,0,0,1,0
23,2025-11-06T10:45:17.096,1,,2348316,2347252,0,0,0,2348316,2348316,2348316,0,0,0,345862,0,0,8250,-21043,0,0,0,0,1565020,272664304,-16777216,-16777216,0,0,0,0,273788384,1,1,86852399,2,16777216,16777216,13,0,0,0,0,53008,45158,137458,118458,1705,1219,6824,50608477,6610084,0,13,0,0,-99,22,13581608,0,0,0,0,0,1194,6824,50608477,6610084,0,3961,4234,0,-1,10211145,10557007,4194304,0,0,4,0,0,0,0,0,0,0,0,0,0,0,44863,0,0,0,0,0,0,0,-1,0,0,0,-25,3447,0,-163,0,177104,0,0,0,0,0,86572236,86852400,87132564,0,32666,0,0,-8949993,-4854831,0,436425267,0,0,94,0,0,0,0,0,0,0,1,0
24,2025-11-06T10:45:17.116,1,,2348316,2347252,0,0,0,2348316,2348316,2348316,0,0,0,345862,0,0,8250,-21043,0,0,0,0,1565020,272664304,-16777216,-16777216,0,0,0,0,273788384,1,1,86852399,2,16777216,16777216,13,0,0,0,0,53008,45158,137458,118458,1705,1219,6824,50608477,6610084,0,13,0,0,-99,22,13581608,0,0,0,0,0,1194,6824,50608477,6610084,0,3961,4234,0,-1,10211145,10557007,4194304,0,0,4,0,0,0,0,0,0,0,0,0,0,0,44863,0,0,0,0,0,0,0,-1,0,0,0,-25,3447,0,-163,0,177104,0,0,0,0,0,86572236,86852400,87132564,0,32666,0,0,-8949993,-4854831,0,436425267,0,0,94,0,0,0,0,0,0,0,1,0
25,2025-11-06T10:45:17.136,1,,2348316,2347252,0,0,0,2348316,2348316,2348316,0,0,0,345862,0,0,8250,-21043,0,0,0,0,1565020,272664304,-16777216,-16777216,0,0,0,0,273788384,1,1,86852399,2,16777216,16777216,13,0,0,0,0,53008,45158,137458,118458,1705,1219,6824,50608477,6610084,0,13,0,0,-99,22,13627153,0,0,0,0,0,1194,6824,50608477,6610084,0,3961,4234,0,-1,10211145,10557007,4194304,0,0,4,0,0,0,0,0,0,0,0,0,0,0,44863,0,0,0,0,0,0,0,-1,0,0,0,-25,3447,0,-163,0,177104,0,0,0,0,0,86572236,86852400,87132564,0,32666,0,0,-8949993,-4854831,0,436425267,0,0,94,0,0,0,0,0,0,0,1,0
26,2025-11-06T10:45:17.156,1,,2348316,2347252,0,0,0,2348316,2348316,2348316,0,0,0,345862,0,0,8250,-21043,0,0,0,0,1565020,272664304,-16777216,-16777216,0,0,0,0,273788384,1,1,86852399,2,16777216,16777216,13,0,0,0,0,53008,45158,137458,118458,1705,1219,6824,50608477,6610084,0,13,0,0,-99,22,13627153,0,0,0,0,0,1194,6824,50608477,6610084,0,3961,4234,0,-1,10211145,10557007,4194304,0,0,4,0,0,0,0,0,0,0,0,0,0,0,44863,0,0,0,0,0,0,0,-1,0,0,0,-25,3447,0,-163,0,177104,0,0,0,0,0,86572236,86852400,87132564,0,32666,0,0,-8949993,-4854831,0,436425267,0,0,94,0,0,0,0,0,0,0,1,0
27,2025-11-06T10:45:17.177,1,,2348316,2347252,0,0,0,2348316,2348316,2348316,0,0,0,345862,0,0,8250,-21043,0,0,0,0,1565020,272664304,-16777216,-16777216,0,0,0,0,273788384,1,1,86852399,2,16777216,16777216,13,0,0,0,0,53008,45158,137458,118458,1705,1219,6824,50608477,6610084,0,13,0,0,-99,22,13627153,0,0,0,0,0,1194,6824,50608477,6610084,0,3961,4234,0,-1,10211145,10557007,4194304,0,0,4,0,0,0,0,0,0,0,0,0,0,0,44863,0,0,0,0,0,0,0,-1,0,0,0,-25,3447,0,-163,0,177104,0,0,0,0,0,86572236,86852400,87132564,0,32666,0,0,-8949993,-4854831,0,436425267,0,0,94,0,0,0,0,0,0,0,1,0
28,2025-11-06T10:45:17.197,1,,2348316,2347252,0,0,0,2348316,2348316,2348316,0,0,0,345862,0,0,8250,-21043,0,0,0,0,1565020,272664304,-16777216,-16777216,0,0,0,0,273788384,1,1,86852399,2,16777216,16777216,13,0,0,0,0,53008,45158,137458,118458,1705,1219,6824,50608477,6610084,0,13,0,0,-99,22,13627153,0,0,0,0,0,1194,6824,50608477,6610084,0,3961,4234,0,-1,10211145,10557007,4194304,0,0,4,0,0,0,0,0,0,0,0,0,0,0,44863,0,0,0,0,0,0,0,-1,0,0,0,-25,3447,0,-163,0,177104,0,0,0,0,0,86572236,86852400,87132564,0,32666,0,0,-8949993,-4854831,0,436425267,0,0,94,0,0,0,0,0,0,0,1,0
29,2025-11-06T10:45:17.217,1,,2348316,2347252,0,0,0,2348316,2348316,2348316,0,0,0,345862,0,0,8250,-21043,0,0,0,0,1565020,272664304,-16777216,-16777216,0,0,0,0,273788384,1,1,86852399,2,16777216,16777216,13,0,0,0,0,53008,45158,137458,118458,1705,1219,6824,50608477,6610084,0,13,0,0,-99,22,13673387,0,0,0,0,0,1194,6824,50608477,6610084,0,3961,4234,0,-1,10211145,10557007,4194304,0,0,4,0,0,0,0,0,0,0,0,0,0,0,44863,0,0,0,0,0,0,0,-1,0,0,0,-25,3447,0,-163,0,177104,0,0,0,0,0,86572236,86852400,87132564,0,32666,0,0,-8949993,-4854831,0,436425267,0,0,94,0,0,0,0,0,0,0,1,0
30,2025-11-06T10:45:17.237,1,,2348316,2347252,0,0,0,2348316,2348316,2348316,0,0,0,345862,0,0,8250,-21043,0,0,0,0,1565020,272664304,-16777216,-16777216,0,0,0,0,273788384,1,1,86852399,2,16777216,16777216,13,0,0,0,0,53008,45158,137458,118458,1705,1219,6824,50608477,6610084,0,13,0,0,-99,22,13673387,0,0,0,0,0,1194,6824,50608477,6610084,0,3961,4234,0,-1,10211145,10557007,4194304,0,0,4,0,0,0,0,0,0,0,0,0,0,0,44863,0,0,0,0,0,0,0,-1,0,0,0,-25,3447,0,-163,0,177104,0,0,0,0,0,86572236,86852400,87132564,0,32666,0,0,-8949993,-4854831,0,436425267,0,0,94,0,0,0,0,0,0,0,1,0
31,2025-11-06T10:45:17.257,1,,2348316,2347252,0,0,0,2348316,2348316,2348316,0,0,0,345862,0,0,8250,-21043,0,0,0,0,1565020,272664304,-16777216,-16777216,0,0,0,0,273788384,1,1,86852399,2,16777216,16777216,13,0,0,0,0,53008,45158,137458,118458,1705,1219,6824,50608477,6610084,0,13,0,0,-99,22,13673387,0,0,0,0,0,1194,6824,50608477,6610084,0,3961,4234,0,-1,10211145,10557007,4194304,0,0,4,0,0,0,0,0,0,0,0,0,0,0,44863,0,0,0,0,0,0,0,-1,0,0,0,-25,3447,0,-163,0,177104,0,0,0,0,0,86572236,86852400,87132564,0,32666,0,0,-8949993,-4854831,0,436425267,0,0,94,0,0,0,0,0,0,0,1,0
32,2025-11-06T10:45:17.277,1,,2348316,2347252,0,0,0,2348316,2348316,2348316,0,0,0,345862,0,0,8250,-21043,0,0,0,0,1565020,272664304,-16777216,-16777216,0,0,0,0,273788384,1,1,86852399,2,16777216,16777216,13,0,0,0,0,53008,45158,137458,118458,1705,1219,6824,50608477,6610084,0,13,0,0,-99,22,13720322,0,0,0,0,0,1194,6824,50608477,6610084,0,3961,4234,0,-1,10211145,10557007,4194304,0,0,4,0,0,0,0,0,0,0,0,0,0,0,44863,0,0,0,0,0,0,0,-1,0,0,0,-25,3447,0,-163,0,177104,0,0,0,0,0,86572236,86852400,87132564,0,32666,0,0,-8949993,-4854831,0,436425267,0,0,94,0,0,0,0,0,0,0,1,0
33,2025-11-06T10:45:17.297,1,,2348316,2347252,0,0,0,2348316,2348316,2348316,0,0,0,345862,0,0,8250,-21043,0,0,0,0,1565020,272664304,-16777216,-16777216,0,0,0,0,273788384,1,1,86852399,2,16777216,16777216,13,0,0,0,0,53008,45158,137458,118458,1705,1219,6824,50608477,6610084,0,13,0,0,-99,22,13720322,0,0,0,0,0,1194,6824,50608477,6610084,0,3961,4234,0,-1,10211145,10557007,4194304,0,0,4,0,0,0,0,0,0,0,0,0,0,0,44863,0,0,0,0,0,0,0,-1,0,0,0,-25,3447,0,-163,0,177104,0,0,0,0,0,86572236,86852400,87132564,0,32666,0,0,-8949993,-4854831,0,436425267,0,0,94,0,0,0,0,0,0,0,1,0
34,2025-11-06T10:45:17.317,1,,2348316,2347252,0,0,0,2348316,2348316,2348316,0,0,0,345862,0,0,8250,-21043,0,0,0,0,1565020,272664304,-16777216,-16777216,0,0,0,0,273788384,1,1,86852399,2,16777216,16777216,13,0,0,0,0,53008,45158,137458,118458,1705,1219,6824,50608477,6610084,0,13,0,0,-99,22,13720322,0,0,0,0,0,1194,6824,50608477,6610084,0,3961,4234,0,-1,10211145,10557007,4194304,0,0,4,0,0,0,0,0,0,0,0,0,0,0,44863,0,0,0,0,0,0,0,-1,0,0,0,-25,3447,0,-163,0,177104,0,0,0,0,0,86572236,86852400,87132564,0,32666,0,0,-8949993,-4854831,0,436425267,0,0,94,0,0,0,0,0,0,0,1,0
35,2025-11-06T10:45:17.337,1,,2348316,2347252,0,0,0,2348316,2348316,2348316,0,0,0,345862,0,0,8250,-21043,0,0,0,0,1565020,272664304,-16777216,-16777216,0,0,0,0,273788384,1,1,86852399,2,16777216,16777216,13,0,0,0,0,53008,45158,137458,118458,1705,1219,6824,50608477,6610084,0,13,0,0,-99,22,13767959,0,0,0,0,0,1194,6824,50608477,6610084,0,3961,4234,0,-1,10211145,10557007,4194304,0,0,4,0,0,0,0,0,0,0,0,0,0,0,44863,0,0,0,0,0,0,0,-1,0,0,0,-25,3447,0,-163,0,177104,0,0,0,0,0,86572236,86852400,87132564,0,32666,0,0,-8949993,-4854831,0,436425267,0,0,94,0,0,0,0,0,0,0,1,0
36,2025-11-06T10:45:17.357,1,,2348316,2347252,0,0,0,2348316,2348316,2348316,0,0,0,345862,0,0,8250,-21043,0,0,0,0,1565020,272664304,-16777216,-16777216,0,0,0,0,273788384,1,1,86852399,2,16777216,16777216,13,0,0,0,0,53008,45158,137458,118458,1705,1219,6824,50608477,6610084,0,13,0,0,-99,22,13767959,0,0,0,0,0,1194,6824,50608477,6610084,0,3961,4234,0,-1,10211145,10557007,4194304,0,0,4,0,0,0,0,0,0,0,0,0,0,0,44863,0,0,0,0,0,0,0,-1,0,0,0,-25,3447,0,-163,0,177104,0,0,0,0,0,86572236,86852400,87132564,0,32666,0,0,-8949993,-4854831,0,436425267,0,0,94,0,0,0,0,0,0,0,1,0
37,2025-11-06T10:45:17.377,1,,2348316,2347252,0,0,0,2348316,2348316,2348316,0,0,0,345862,0,0,8250,-21043,0,0,0,0,1565020,272664304,-16777216,-16777216,0,0,0,0,273788384,1,1,86852399,2,16777216,16777216,13,0,0,0,0,53008,45158,137458,118458,1705,1219,6824,50608477,6610084,0,13,0,0,-99,22,13767959,0,0,0,0,0,1194,6824,50608477,6610084,0,3961,4234,0,-1,10211145,10557007,4194304,0,0,4,0,0,0,0,0,0,0,0,0,0,0,44863,0,0,0,0,0,0,0,-1,0,0,0,-25,3447,0,-163,0,177104,0,0,0,0,0,86572236,86852400,87132564,0,32666,0,0,-8949993,-4854831,0,436425267,0,0,94,0,0,0,0,0,0,0,1,0
38,2025-11-06T10:45:17.397,1,,2348316,2347252,0,0,0,2348316,2348316,2348316,0,0,0,345862,0,0,8250,-21043,0,0,0,0,1565020,272664304,-16777216,-16777216,0,0,0,0,273788384,1,1,86852399,2,16777216,16777216,13,0,0,0,0,53008,45158,137458,118458,1705,1219,6824,50608477,6610084,0,13,0,0,-99,22,13767959,0,0,0,0,0,1194,6824,50608477,6610084,0,3961,4234,0,-1,10211145,10557007,4194304,0,0,4,0,0,0,0,0,0,0,0,0,0,0,44863,0,0,0,0,0,0,0,-1,0,0,0,-25,3447,0,-163,0,177104,0,0,0,0,0,86572236,86852400,87132564,0,32666,0,0,-8949993,-4854831,0,436425267,0,0,94,0,0,0,0,0,0,0,1,0
39,2025-11-06T10:45:17.416,1,,2348316,2347252,0,0,0,2348316,2348316,2348316,0,0,0,345862,0,0,8250,-21043,0,0,0,0,1565020,272664304,-16777216,-16777216,0,0,0,0,273788384,1,1,86852399,2,16777216,16777216,13,0,0,0,0,53008,45158,137458,118458,1705,1219,6824,50608477,6610084,0,13,0,0,-99,22,13816291,0,0,0,0,0,1194,6824,50608477,6610084,0,3961,4234,0,-1,10211145,10557007,4194304,0,0,4,0,0,0,0,0,0,0,0,0,0,0,44863,0,0,0,0,0,0,0,-1,0,0,0,-25,3447,0,-163,0,177104,0,0,0,0,0,86572236,86852400,87132564,0,32666,0,0,-8949993,-4854831,0,436425267,0,0,94,0,0,0,0,0,0,0,1,0
40,2025-11-06T10:45:17.436,1,,2348316,2347252,0,0,0,2348316,2348316,2348316,0,0,0,345862,0,0,8250,-21043,0,0,0,0,1565020,272664304,-16777216,-16777216,0,0,0,0,273788384,1,1,86852399,2,16777216,16777216,13,0,0,0,0,53008,45158,137458,118458,1705,1219,6824,50608477,6610084,0,13,0,0,-99,22,13816291,0,0,0,0,0,1194,6824,50608477,6610084,0,3961,4234,0,-1,10211145,10557007,4194304,0,0,4,0,0,0,0,0,0,0,0,0,0,0,44863,0,0,0,0,0,0,0,-1,0,0,0,-25,3447,0,-163,0,177104,0,0,0,0,0,86572236,86852400,87132564,0,32666,0,0,-8949993,-4854831,0,436425267,0,0,94,0,0,0,0,0,0,0,1,0
41,2025-11-06T10:45:17.455,1,,2348316,2347252,0,0,0,2348316,2348316,2348316,0,0,0,345862,0,0,8250,-21043,0,0,0,0,1565020,272664304,-16777216,-16777216,0,0,0,0,273788384,1,1,86852399,2,16777216,16777216,13,0,0,0,0,53008,45158,137458,118458,1705,1219,6824,50608477,6610084,0,13,0,0,-99,22,13816291,0,0,0,0,0,1194,6824,50608477,6610084,0,3961,4234,0,-1,10211145,10557007,4194304,0,0,4,0,0,0,0,0,0,0,0,0,0,0,44863,0,0,0,0,0,0,0,-1,0,0,0,-25,3447,0,-163,0,177104,0,0,0,0,0,86572236,86852400,87132564,0,32666,0,0,-8949993,-4854831,0,436425267,0,0,94,0,0,0,0,0,0,0,1,0
42,2025-11-06T10:45:17.476,1,,2348316,2347252,0,0,0,2348316,2348316,2348316,0,0,0,345862,0,0,8250,-21043,0,0,0,0,1565020,272664304,-16777216,-16777216,0,0,0,0,273788384,1,1,86852399,2,16777216,16777216,13,0,0,0,0,53008,45158,137458,118458,1705,1219,6824,50608477,6610084,0,13,0,0,-99,22,13865313,0,0,0,0,0,1194,6824,50608477,6610084,0,3961,4234,0,-1,10211145,10557007,4194304,0,0,4,0,0,0,0,0,0,0,0,0,0,0,44863,0,0,0,0,0,0,0,-1,0,0,0,-25,3447,0,-163,0,177104,0,0,0,0,0,86572236,86852400,87132564,0,32666,0,0,-8949993,-4854831,0,436425267,0,0,94,0,0,0,0,0,0,0,1,0
43,2025-11-06T10:45:17.496,1,,2348316,2347252,0,0,0,2348316,2348316,2348316,0,0,0,345862,0,0,8250,-21043,0,0,0,0,1565020,272664304,-16777216,-16777216,0,0,0,0,273788384,1,1,86852399,2,16777216,16777216,13,0,0,0,0,53008,45158,137458,118458,1705,1219,6824,50608477,6610084,0,13,0,0,-99,22,13865313,0,0,0,0,0,1194,6824,50608477,6610084,0,3961,4234,0,-1,10211145,10557007,4194304,0,0,4,0,0,0,0,0,0,0,0,0,0,0,44863,0,0,0,0,0,0,0,-1,0,0,0,-25,3447,0,-163,0,177104,0,0,0,0,0,86572236,86852400,87132564,0,32666,0,0,-8949993,-4854831,0,436425267,0,0,94,0,0,0,0,0,0,0,1,0
44,2025-11-06T10:45:17.516,1,,2348316,2347252,0,0,0,2348316,2348316,2348316,0,0,0,345862,0,0,8250,-21043,0,0,0,0,1565020,272664304,-16777216,-16777216,0,0,0,0,273788384,1,1,86852399,2,16777216,16777216,13,0,0,0,0,53008,45158,137458,118458,1705,1219,6824,50608477,6610084,0,13,0,0,-99,22,13865313,0,0,0,0,0,1194,6824,50608477,6610084,0,3961,4234,0,-1,10211145,10557007,4194304,0,0,4,0,0,0,0,0,0,0,0,0,0,0,44863,0,0,0,0,0,0,0,-1,0,0,0,-25,3447,0,-163,0,177104,0,0,0,0,0,86572236,86852400,87132564,0,32666,0,0,-8949993,-4854831,0,436425267,0,0,94,0,0,0,0,0,0,0,1,0
45,2025-11-06T10:45:17.536,1,,2348316,2347252,0,0,0,2348316,2348316,2348316,0,0,0,345862,0,0,8250,-21043,0,0,0,0,1565020,272664304,-16777216,-16777216,0,0,0,0,273788384,1,1,86852399,2,16777216,16777216,13,0,0,0,0,53008,45158,137458,118458,1705,1219,6824,50608477,6610084,0,13,0,0,-99,22,13865313,0,0,0,0,0,1194,6824,50608477,6610084,0,3961,4234,0,-1,10211145,10557007,4194304,0,0,4,0,0,0,0,0,0,0,0,0,0,0,44863,0,0,0,0,0,0,0,-1,0,0,0,-25,3447,0,-163,0,177104,0,0,0,0,0,86572236,86852400,87132564,0,32666,0,0,-8949993,-4854831,0,436425267,0,0,94,0,0,0,0,0,0,0,1,0
46,2025-11-06T10:45:17.557,1,,2348316,2347252,0,0,0,2348316,2348316,2348316,0,0,0,345862,0,0,8250,-21043,0,0,0,0,1565020,272664304,-16777216,-16777216,0,0,0,0,273788384,1,1,86852399,2,16777216,16777216,13,0,0,0,0,53008,45158,137458,118458,1705,1219,6824,50608477,6610084,0,13,0,0,-99,22,13915030,0,0,0,0,0,1194,6824,50608477,6610084,0,3961,4234,0,-1,10211145,10557007,4194304,0,0,4,0,0,0,0,0,0,0,0,0,0,0,44863,0,0,0,0,0,0,0,-1,0,0,0,-25,3447,0,-163,0,177104,0,0,0,0,0,86572236,86852400,87132564,0,32666,0,0,-8949993,-4854831,0,436425267,0,0,94,0,0,0,0,0,0,0,1,0
47,2025-11-06T10:45:17.577,1,,2348316,2347252,0,0,0,2348316,2348316,2348316,0,0,0,345862,0,0,8250,-21043,0,0,0,0,1565020,272664304,-16777216,-16777216,0,0,0,0,273788384,1,1,86852399,2,16777216,16777216,13,0,0,0,0,53008,45158,137458,118458,1705,1219,6824,50608477,6610084,0,13,0,0,-99,22,13915030,0,0,0,0,0,1194,6824,50608477,6610084,0,3961,4234,0,-1,10211145,10557007,4194304,0,0,4,0,0,0,0,0,0,0,0,0,0,0,44863,0,0,0,0,0,0,0,-1,0,0,0,-25,3447,0,-163,0,177104,0,0,0,0,0,86572236,86852400,87132564,0,32666,0,0,-8949993,-4854831,0,436425267,0,0,94,0,0,0,0,0,0,0,1,0
48,2025-11-06T10:45:17.597,1,,2348316,2347252,0,0,0,2348316,2348316,2348316,0,0,0,345862,0,0,8250,-21043,0,0,0,0,1565020,272664304,-16777216,-16777216,0,0,0,0,273788384,1,1,86852399,2,16777216,16777216,13,0,0,0,0,53008,45158,137458,118458,1705,1219,6824,50608477,6610084,0,13,0,0,-99,22,13915030,0,0,0,0,0,1194,6824,50608477,6610084,0,3961,4234,0,-1,10211145,10557007,4194304,0,0,4,0,0,0,0,0,0,0,0,0,0,0,44863,0,0,0,0,0,0,0,-1,0,0,0,-25,3447,0,-163,0,177104,0,0,0,0,0,86572236,86852400,87132564,0,32666,0,0,-8949993,-4854831,0,436425267,0,0,94,0,0,0,0,0,0,0,1,0
49,2025-11-06T10:45:17.617,1,,2348316,2347252,0,0,0,2348316,2348316,2348316,0,0,0,345862,0,0,8250,-21043,0,0,0,0,1565020,272664304,-16777216,-16777216,0,0,0,0,273788384,1,1,86852399,2,16777216,16777216,13,0,0,0,0,53008,45158,137458,118458,1705,1219,6824,50608477,6610084,0,13,0,0,-99,22,13965433,0,0,0,0,0,1194,6824,50608477,6610084,0,3961,4234,0,-1,10211145,10557007,4194304,0,0,4,0,0,0,0,0,0,0,0,0,0,0,44863,0,0,0,0,0,0,0,-1,0,0,0,-25,3447,0,-163,0,177104,0,0,0,0,0,86572236,86852400,87132564,0,32666,0,0,-8949993,-4854831,0,436425267,0,0,94,0,0,0,0,0,0,0,1,0
50,2025-11-06T10:45:17.637,1,,2348316,2347252,0,0,0,2348316,2348316,2348316,0,0,0,345862,0,0,8250,-21043,0,0,0,0,1565020,272664304,-16777216,-16777216,0,0,0,0,273788384,1,1,86852399,2,16777216,16777216,13,0,0,0,0,53008,45158,137458,118458,1705,1219,6824,50608477,6610084,0,13,0,0,-99,22,13965433,0,0,0,0,0,1194,6824,50608477,6610084,0,3961,4234,0,-1,10211145,10557007,4194304,0,0,4,0,0,0,0,0,0,0,0,0,0,0,44863,0,0,0,0,0,0,0,-1,0,0,0,-25,3447,0,-163,0,177104,0,0,0,0,0,86572236,86852400,87132564,0,32666,0,0,-8949993,-4854831,0,436425267,0,0,94,0,0,0,0,0,0,0,1,0
51,2025-11-06T10:45:17.657,1,,2348316,2347252,0,0,0,2348316,2348316,2348316,0,0,0,345862,0,0,8250,-21043,0,0,0,0,1565020,272664304,-16777216,-16777216,0,0,0,0,273788384,1,1,86852399,2,16777216,16777216,13,0,0,0,0,53008,45158,137458,118458,1705,1219,6824,50608477,6610084,0,13,0,0,-99,22,13965433,0,0,0,0,0,1194,6824,50608477,6610084,0,3961,4234,0,-1,10211145,10557007,4194304,0,0,4,0,0,0,0,0,0,0,0,0,0,0,44863,0,0,0,0,0,0,0,-1,0,0,0,-25,3447,0,-163,0,177104,0,0,0,0,0,86572236,86852400,87132564,0,32666,0,0,-8949993,-4854831,0,436425267,0,0,94,0,0,0,0,0,0,0,1,0
52,2025-11-06T10:45:17.677,1,,2348316,2347252,0,0,0,2348316,2348316,2348316,0,0,0,345862,0,0,8250,-21043,0,0,0,0,1565020,272664304,-16777216,-16777216,0,0,0,0,273788384,1,1,86852399,2,16777216,16777216,13,0,0,0,0,53008,45158,137458,118458,1705,1219,6824,50608477,6610084,0,13,0,0,-99,22,13965433,0,0,0,0,0,1194,6824,50608477,6610084,0,3961,4234,0,-1,10211145,10557007,4194304,0,0,4,0,0,0,0,0,0,0,0,0,0,0,44863,0,0,0,0,0,0,0,-1,0,0,0,-25,3447,0,-163,0,177104,0,0,0,0,0,86572236,86852400,87132564,0,32666,0,0,-8949993,-4854831,0,436425267,0,0,94,0,0,0,0,0,0,0,1,0
53,2025-11-06T10:45:17.696,1,,2348316,2347252,0,0,0,2348316,2348316,2348316,0,0,0,345862,0,0,8250,-21043,0,0,0,0,1565020,272664304,-16777216,-16777216,0,0,0,0,273788384,1,1,86852399,2,16777216,16777216,13,0,0,0,0,53008,45158,137458,118458,1705,1219,6824,50608477,6610084,0,13,0,0,-99,22,14016519,0,0,0,0,0,1194,6824,50608477,6610084,0,3961,4234,0,-1,10211145,10557007,4194304,0,0,4,0,0,0,0,0,0,0,0,0,0,0,44863,0,0,0,0,0,0,0,-1,0,0,0,-25,3447,0,-163,0,177104,0,0,0,0,0,86572236,86852400,87132564,0,32666,0,0,-8949993,-4854831,0,436425267,0,0,94,0,0,0,0,0,0,0,1,0
54,2025-11-06T10:45:17.717,1,,2348316,2347252,0,0,0,2348316,2348316,2348316,0,0,0,345862,0,0,8250,-21043,0,0,0,0,1565020,272664304,-16777216,-16777216,0,0,0,0,273788384,1,1,86852399,2,16777216,16777216,13,0,0,0,0,53008,45158,137458,118458,1705,1219,6824,50608477,6610084,0,13,0,0,-99,22,14016519,0,0,0,0,0,1194,6824,50608477,6610084,0,3961,4234,0,-1,10211145,10557007,4194304,0,0,4,0,0,0,0,0,0,0,0,0,0,0,44863,0,0,0,0,0,0,0,-1,0,0,0,-25,3447,0,-163,0,177104,0,0,0,0,0,86572236,86852400,87132564,0,32666,0,0,-8949993,-4854831,0,436425267,0,0,94,0,0,0,0,0,0,0,1,0
55,2025-11-06T10:45:17.737,1,,2348316,2347252,0,0,0,2348316,2348316,2348316,0,0,0,345862,0,0,8250,-21043,0,0,0,0,1565020,272664304,-16777216,-16777216,0,0,0,0,273788384,1,1,86852399,2,16777216,16777216,13,0,0,0,0,53008,45158,137458,118458,1705,1219,6824,50608477,6610084,0,13,0,0,-99,22,14016519,0,0,0,0,0,1194,6824,50608477,6610084,0,3961,4234,0,-1,10211145,10557007,4194304,0,0,4,0,0,0,0,0,0,0,0,0,0,0,44863,0,0,0,0,0,0,0,-1,0,0,0,-25,3447,0,-163,0,177104,0,0,0,0,0,86572236,86852400,87132564,0,32666,0,0,-8949993,-4854831,0,436425267,0,0,94,0,0,0,0,0,0,0,1,0
56,2025-11-06T10:45:17.757,1,,2348316,2347252,0,0,0,2348316,2348316,2348316,0,0,0,345862,0,0,8250,-21043,0,0,0,0,1565020,272664304,-16777216,-16777216,0,0,0,0,273788384,1,1,86852399,2,16777216,16777216,13,0,0,0,0,53008,45158,137458,118458,1705,1219,6824,50608477,6610084,0,13,0,0,-99,22,14068287,0,0,0,0,0,1194,6824,50608477,6610084,0,3961,4234,0,-1,10211145,10557007,4194304,0,0,4,0,0,0,0,0,0,0,0,0,0,0,44863,0,0,0,0,0,0,0,-1,0,0,0,-25,3447,0,-163,0,177104,0,0,0,0,0,86572236,86852400,87132564,0,32666,0,0,-8949993,-4854831,0,436425267,0,0,94,0,0,0,0,0,0,0,1,0
57,2025-11-06T10:45:17.777,1,,2348316,2347252,0,0,0,2348316,2348316,2348316,0,0,0,345862,0,0,8250,-21043,0,0,0,0,1565020,272664304,-16777216,-16777216,0,0,0,0,273788384,1,1,86852399,2,16777216,16777216,13,0,0,0,0,53008,45158,137458,118458,1705,1219,6824,50608477,6610084,0,13,0,0,-99,22,14068287,0,0,0,0,0,1194,6824,50608477,6610084,0,3961,4234,0,-1,10211145,10557007,4194304,0,0,4,0,0,0,0,0,0,0,0,0,0,0,44863,0,0,0,0,0,0,0,-1,0,0,0,-25,3447,0,-163,0,177104,0,0,0,0,0,86572236,86852400,87132564,0,32666,0,0,-8949993,-4854831,0,436425267,0,0,94,0,0,0,0,0,0,0,1,0
58,2025-11-06T10:45:17.797,1,,2348316,2347252,0,0,0,2348316,2348316,2348316,0,0,0,345862,0,0,8250,-21043,0,0,0,0,1565020,272664304,-16777216,-16777216,0,0,0,0,273788384,1,1,86852399,2,16777216,16777216,13,0,0,0,0,53008,45158,137458,118458,1705,1219,6824,50608477,6610084,0,13,0,0,-99,22,14068287,0,0,0,0,0,1194,6824,50608477,6610084,0,3961,4234,0,-1,10211145,10557007,4194304,0,0,4,0,0,0,0,0,0,0,0,0,0,0,44863,0,0,0,0,0,0,0,-1,0,0,0,-25,3447,0,-163,0,177104,0,0,0,0,0,86572236,86852400,87132564,0,32666,0,0,-8949993,-4854831,0,436425267,0,0,94,0,0,0,0,0,0,0,1,0
59,2025-11-06T10:45:17.816,1,,2348316,2347252,0,0,0,2348316,2348316,2348316,0,0,0,345862,0,0,8250,-21043,0,0,0,0,1565020,272664304,-16777216,-16777216,0,0,0,0,273788384,1,1,86852399,2,16777216,16777216,13,0,0,0,0,53008,45158,137458,118458,1705,1219,6824,50608477,6610084,0,13,0,0,-99,22,14120729,0,0,0,0,0,1194,6824,50608477,6610084,0,3961,4234,0,-1,10211145,10557007,4194304,0,0,4,0,0,0,0,0,0,0,0,0,0,0,44863,0,0,0,0,0,0,0,-1,0,0,0,-25,3447,0,-163,0,177104,0,0,0,0,0,86572236,86852400,87132564,0,32666,0,0,-8949993,-4854831,0,436425267,0,0,94,0,0,0,0,0,0,0,1,0
60,2025-11-06T10:45:17.836,1,,2348316,2347252,0,0,0,2348316,2348316,2348316,0,0,0,345862,0,0,8250,-21043,0,0,0,0,1565020,272664304,-16777216,-16777216,0,0,0,0,273788384,1,1,86852399,2,16777216,16777216,13,0,0,0,0,53008,45158,137458,118458,1705,1219,6824,50608477,6610084,0,13,0,0,-99,22,14120729,0,0,0,0,0,1194,6824,50608477,6610084,0,3961,4234,0,-1,10211145,10557007,4194304,0,0,4,0,0,0,0,0,0,0,0,0,0,0,44863,0,0,0,0,0,0,0,-1,0,0,0,-25,3447,0,-163,0,177104,0,0,0,0,0,86572236,86852400,87132564,0,32666,0,0,-8949993,-4854831,0,436425267,0,0,94,0,0,0,0,0,0,0,1,0
61,2025-11-06T10:45:17.856,1,,2348316,2347252,0,0,0,2348316,2348316,2348316,0,0,0,345862,0,0,8250,-21043,0,0,0,0,1565020,272664304,-16777216,-16777216,0,0,0,0,273788384,1,1,86852399,2,16777216,16777216,13,0,0,0,0,53008,45158,137458,118458,1705,1219,6824,50608477,6610084,0,13,0,0,-99,22,14120729,0,0,0,0,0,1194,6824,50608477,6610084,0,3961,4234,0,-1,10211145,10557007,4194304,0,0,4,0,0,0,0,0,0,0,0,0,0,0,44863,0,0,0,0,0,0,0,-1,0,0,0,-25,3447,0,-163,0,177104,0,0,0,0,0,86572236,86852400,87132564,0,32666,0,0,-8949993,-4854831,0,436425267,0,0,94,0,0,0,0,0,0,0,1,0
62,2025-11-06T10:45:17.877,1,,2348316,2347252,0,0,0,2348316,2348316,2348316,0,0,0,345862,0,0,8250,-21043,0,0,0,0,1565020,272664304,-16777216,-16777216,0,0,0,0,273788384,1,1,86852399,2,16777216,16777216,13,0,0,0,0,53008,45158,137458,118458,1705,1219,6824,50608477,6610084,0,13,0,0,-99,22,14173846,0,0,0,0,0,1194,6824,50608477,6610084,0,3961,4234,0,-1,10211145,10557007,4194304,0,0,4,0,0,0,0,0,0,0,0,0,0,0,44863,0,0,0,0,0,0,0,-1,0,0,0,-25,3447,0,-163,0,177104,0,0,0,0,0,86572236,86852400,87132564,0,32666,0,0,-8949993,-4854831,0,436425267,0,0,94,0,0,0,0,0,0,0,1,0
63,2025-11-06T10:45:17.896,1,,2348316,2347252,0,0,0,2348316,2348316,2348316,0,0,0,345862,0,0,8250,-21043,0,0,0,0,1565020,272664304,-16777216,-16777216,0,0,0,0,273788384,1,1,86852399,2,16777216,16777216,13,0,0,0,0,53008,45158,137458,118458,1705,1219,6824,50608477,6610084,0,13,0,0,-99,22,14173846,0,0,0,0,0,1194,6824,50608477,6610084,0,3961,4234,0,-1,10211145,10557007,4194304,0,0,4,0,0,0,0,0,0,0,0,0,0,0,44863,0,0,0,0,0,0,0,-1,0,0,0,-25,3447,0,-163,0,177104,0,0,0,0,0,86572236,86852400,87132564,0,32666,0,0,-8949993,-4854831,0,436425267,0,0,94,0,0,0,0,0,0,0,1,0
64,2025-11-06T10:45:17.916,1,,2348316,2347252,0,0,0,2348316,2348316,2348316,0,0,0,345862,0,0,8250,-21043,0,0,0,0,1565020,272664304,-16777216,-16777216,0,0,0,0,273788384,1,1,86852399,2,16777216,16777216,13,0,0,0,0,53008,45158,137458,118458,1705,1219,6824,50608477,6610084,0,13,0,0,-99,22,14173846,0,0,0,0,0,1194,6824,50608477,6610084,0,3961,4234,0,-1,10211145,10557007,4194304,0,0,4,0,0,0,0,0,0,0,0,0,0,0,44863,0,0,0,0,0,0,0,-1,0,0,0,-25,3447,0,-163,0,177104,0,0,0,0,0,86572236,86852400,87132564,0,32666,0,0,-8949993,-4854831,0,436425267,0,0,94,0,0,0,0,0,0,0,1,0
65,2025-11-06T10:45:17.936,1,,2348316,2347252,0,0,0,2348316,2348316,2348316,0,0,0,345862,0,0,8250,-21043,0,0,0,0,1565020,272664304,-16777216,-16777216,0,0,0,0,273788384,1,1,86852399,2,16777216,16777216,13,0,0,0,0,53008,45158,137458,118458,1705,1219,6824,50608477,6610084,0,13,0,0,-99,22,14227635,0,0,0,0,0,1194,6824,50608477,6610084,0,3961,4234,0,-1,10211145,10557007,4194304,0,0,4,0,0,0,0,0,0,0,0,0,0,0,44863,0,0,0,0,0,0,0,-1,0,0,0,-25,3447,0,-163,0,177104,0,0,0,0,0,86572236,86852400,87132564,0,32666,0,0,-8949993,-4854831,0,436425267,0,0,94,0,0,0,0,0,0,0,1,0
66,2025-11-06T10:45:17.956,1,,2348316,2347252,0,0,0,2348316,2348316,2348316,0,0,0,345862,0,0,8250,-21043,0,0,0,0,1565020,272664304,-16777216,-16777216,0,0,0,0,273788384,1,1,86852399,2,16777216,16777216,13,0,0,0,0,53008,45158,137458,118458,1705,1219,6824,50608477,6610084,0,13,0,0,-99,22,14227635,0,0,0,0,0,1194,6824,50608477,6610084,0,3961,4234,0,-1,10211145,10557007,4194304,0,0,4,0,0,0,0,0,0,0,0,0,0,0,44863,0,0,0,0,0,0,0,-1,0,0,0,-25,3447,0,-163,0,177104,0,0,0,0,0,86572236,86852400,87132564,0,32666,0,0,-8949993,-4854831,0,436425267,0,0,94,0,0,0,0,0,0,0,1,0
67,2025-11-06T10:45:17.976,1,,2348316,2347252,0,0,0,2348316,2348316,2348316,0,0,0,345862,0,0,8250,-21043,0,0,0,0,1565020,272664304,-16777216,-16777216,0,0,0,0,273788384,1,1,86852399,2,16777216,16777216,13,0,0,0,0,53008,45158,137458,118458,1705,1219,6824,50608477,6610084,0,13,0,0,-99,22,14227635,0,0,0,0,0,1194,6824,50608477,6610084,0,3961,4234,0,-1,10211145,10557007,4194304,0,0,4,0,0,0,0,0,0,0,0,0,0,0,44863,0,0,0,0,0,0,0,-1,0,0,0,-25,3447,0,-163,0,177104,0,0,0,0,0,86572236,86852400,87132564,0,32666,0,0,-8949993,-4854831,0,436425267,0,0,94,0,0,0,0,0,0,0,1,0
68,2025-11-06T10:45:17.997,1,,2348316,2347252,0,0,0,2348316,2348316,2348316,0,0,0,345862,0,0,8250,-21043,0,0,0,0,1565020,272664304,-16777216,-16777216,0,0,0,0,273788384,1,1,86852399,2,16777216,16777216,13,0,0,0,0,53008,45158,137458,118458,1705,1219,6824,50608477,6610084,0,13,0,0,-99,22,14227635,0,0,0,0,0,1194,6824,50608477,6610084,0,3961,4234,0,-1,10211145,10557007,4194304,0,0,4,0,0,0,0,0,0,0,0,0,0,0,44863,0,0,0,0,0,0,0,-1,0,0,0,-25,3447,0,-163,0,177104,0,0,0,0,0,86572236,86852400,87132564,0,32666,0,0,-8949993,-4854831,0,436425267,0,0,94,0,0,0,0,0,0,0,1,0
69,2025-11-06T10:45:18.017,1,,2348316,2347252,0,0,0,2348316,2348316,2348316,0,0,0,345862,0,0,8250,-21043,0,0,0,0,1565020,272664304,-16777216,-16777216,0,0,0,0,273788384,1,1,86852399,2,16777216,16777216,13,0,0,0,0,53008,45158,137458,118458,1705,1219,6824,50608477,6610084,0,13,0,0,-99,22,14282113,0,0,0,0,0,1194,6824,50608477,6610084,0,3961,4234,0,-1,10211145,10557007,4194304,0,0,4,0,0,0,0,0,0,0,0,0,0,0,44863,0,0,0,0,0,0,0,-1,0,0,0,-25,3447,0,-163,0,177104,0,0,0,0,0,86572236,86852400,87132564,0,32666,0,0,-8949993,-4854831,0,436425267,0,0,94,0,0,0,0,0,0,0,1,0
70,2025-11-06T10:45:18.037,1,,2348316,2347252,0,0,0,2348316,2348316,2348316,0,0,0,345862,0,0,8250,-21043,0,0,0,0,1565020,272664304,-16777216,-16777216,0,0,0,0,273788384,1,1,86852399,2,16777216,16777216,13,0,0,0,0,53008,45158,137458,118458,1705,1219,6824,50608477,6610084,0,13,0,0,-99,22,14282113,0,0,0,0,0,1194,6824,50608477,6610084,0,3961,4234,0,-1,10211145,10557007,4194304,0,0,4,0,0,0,0,0,0,0,0,0,0,0,44863,0,0,0,0,0,0,0,-1,0,0,0,-25,3447,0,-163,0,177104,0,0,0,0,0,86572236,86852400,87132564,0,32666,0,0,-8949993,-4854831,0,436425267,0,0,94,0,0,0,0,0,0,0,1,0
71,2025-11-06T10:45:18.057,1,,2348316,2347252,0,0,0,2348316,2348316,2348316,0,0,0,345862,0,0,8250,-21043,0,0,0,0,1565020,272664304,-16777216,-16777216,0,0,0,0,273788384,1,1,86852399,2,16777216,16777216,13,0,0,0,0,53008,45158,137458,118458,1705,1219,6824,50608477,6610084,0,13,0,0,-99,22,14282113,0,0,0,0,0,1194,6824,50608477,6610084,0,3961,4234,0,-1,10211145,10557007,4194304,0,0,4,0,0,0,0,0,0,0,0,0,0,0,44863,0,0,0,0,0,0,0,-1,0,0,0,-25,3447,0,-163,0,177104,0,0,0,0,0,86572236,86852400,87132564,0,32666,0,0,-8949993,-4854831,0,436425267,0,0,94,0,0,0,0,0,0,0,1,0
72,2025-11-06T10:45:18.077,1,,2348316,2347252,0,0,0,2348316,2348316,2348316,0,0,0,345862,0,0,8250,-21043,0,0,0,0,1565020,272664304,-16777216,-16777216,0,0,0,0,273788384,1,1,86852399,2,16777216,16777216,13,0,0,0,0,53008,45158,137458,118458,1705,1219,6824,50608477,6610084,0,13,0,0,-99,22,14337286,0,0,0,0,0,1194,6824,50608477,6610084,0,3961,4234,0,-1,10211145,10557007,4194304,0,0,4,0,0,0,0,0,0,0,0,0,0,0,44863,0,0,0,0,0,0,0,-1,0,0,0,-25,3447,0,-163,0,177104,0,0,0,0,0,86572236,86852400,87132564,0,32666,0,0,-8949993,-4854831,0,436425267,0,0,94,0,0,0,0,0,0,0,1,0
73,2025-11-06T10:45:18.097,1,,2348316,2347252,0,0,0,2348316,2348316,2348316,0,0,0,345862,0,0,8250,-21043,0,0,0,0,1565020,272664304,-16777216,-16777216,0,0,0,0,273788384,1,1,86852399,2,16777216,16777216,13,0,0,0,0,53008,45158,137458,118458,1705,1219,6824,50608477,6610084,0,13,0,0,-99,22,14337286,0,0,0,0,0,1194,6824,50608477,6610084,0,3961,4234,0,-1,10211145,10557007,4194304,0,0,4,0,0,0,0,0,0,0,0,0,0,0,44863,0,0,0,0,0,0,0,-1,0,0,0,-25,3447,0,-163,0,177104,0,0,0,0,0,86572236,86852400,87132564,0,32666,0,0,-8949993,-4854831,0,436425267,0,0,94,0,0,0,0,0,0,0,1,0
74,2025-11-06T10:45:18.117,1,,2348316,2347252,0,0,0,2348316,2348316,2348316,0,0,0,345862,0,0,8250,-21043,0,0,0,0,1565020,272664304,-16777216,-16777216,0,0,0,0,273788384,1,1,86852399,2,16777216,16777216,13,0,0,0,0,53008,45158,137458,118458,1705,1219,6824,50608477,6610084,0,13,0,0,-99,22,14337286,0,0,0,0,0,1194,6824,50608477,6610084,0,3961,4234,0,-1,10211145,10557007,4194304,0,0,4,0,0,0,0,0,0,0,0,0,0,0,44863,0,0,0,0,0,0,0,-1,0,0,0,-25,3447,0,-163,0,177104,0,0,0,0,0,86572236,86852400,87132564,0,32666,0,0,-8949993,-4854831,0,436425267,0,0,94,0,0,0,0,0,0,0,1,0
75,2025-11-06T10:45:18.137,1,,2348316,2347252,0,0,0,2348316,2348316,2348316,0,0,0,345862,0,0,8250,-21043,0,0,0,0,1565020,272664304,-16777216,-16777216,0,0,0,0,273788384,1,1,86852399,2,16777216,16777216,13,0,0,0,0,53008,45158,137458,118458,1705,1219,6824,50608477,6610084,0,13,0,0,-99,22,14337286,0,0,0,0,0,1194,6824,50608477,6610084,0,3961,4234,0,-1,10211145,10557007,4194304,0,0,4,0,0,0,0,0,0,0,0,0,0,0,44863,0,0,0,0,0,0,0,-1,0,0,0,-25,3447,0,-163,0,177104,0,0,0,0,0,86572236,86852400,87132564,0,32666,0,0,-8949993,-4854831,0,436425267,0,0,94,0,0,0,0,0,0,0,1,0
76,2025-11-06T10:45:18.157,1,,2348316,2347252,0,0,0,2348316,2348316,2348316,0,0,0,345862,0,0,8250,-21043,0,0,0,0,1565020,272664304,-16777216,-16777216,0,0,0,0,273788384,1,1,86852399,2,16777216,16777216,13,0,0,0,0,53008,45158,137458,118458,1705,1219,6824,50608477,6610084,0,13,0,0,-99,22,14393142,0,0,0,0,0,1194,6824,50608477,6610084,0,3961,4234,0,-1,10211145,10557007,4194304,0,0,4,0,0,0,0,0,0,0,0,0,0,0,44863,0,0,0,0,0,0,0,-1,0,0,0,-25,3447,0,-163,0,177104,0,0,0,0,0,86572236,86852400,87132564,0,32666,0,0,-8949993,-4854831,0,436425267,0,0,94,0,0,0,0,0,0,0,1,0
77,2025-11-06T10:45:18.177,1,,2348316,2347252,0,0,0,2348316,2348316,2348316,0,0,0,345862,0,0,8250,-21043,0,0,0,0,1565020,272664304,-16777216,-16777216,0,0,0,0,273788384,1,1,86852399,2,16777216,16777216,13,0,0,0,0,53008,45158,137458,118458,1705,1219,6824,50608477,6610084,0,13,0,0,-99,22,14393142,0,0,0,0,0,1194,6824,50608477,6610084,0,3961,4234,0,-1,10211145,10557007,4194304,0,0,4,0,0,0,0,0,0,0,0,0,0,0,44863,0,0,0,0,0,0,0,-1,0,0,0,-25,3447,0,-163,0,177104,0,0,0,0,0,86572236,86852400,87132564,0,32666,0,0,-8949993,-4854831,0,436425267,0,0,94,0,0,0,0,0,0,0,1,0
78,2025-11-06T10:45:18.197,1,,2348316,2347252,0,0,0,2348316,2348316,2348316,0,0,0,345862,0,0,8250,-21043,0,0,0,0,1565020,272664304,-16777216,-16777216,0,0,0,0,273788384,1,1,86852399,2,16777216,16777216,13,0,0,0,0,53008,45158,137458,118458,1705,1219,6824,50608477,6610084,0,13,0,0,-99,22,14393142,0,0,0,0,0,1194,6824,50608477,6610084,0,3961,4234,0,-1,10211145,10557007,4194304,0,0,4,0,0,0,0,0,0,0,0,0,0,0,44863,0,0,0,0,0,0,0,-1,0,0,0,-25,3447,0,-163,0,177104,0,0,0,0,0,86572236,86852400,87132564,0,32666,0,0,-8949993,-4854831,0,436425267,0,0,94,0,0,0,0,0,0,0,1,0
79,2025-11-06T10:45:18.217,1,,2348316,2347252,0,0,0,2348316,2348316,2348316,0,0,0,345862,0,0,8250,-21043,0,0,0,0,1565020,272664304,-16777216,-16777216,0,0,0,0,273788384,1,1,86852399,2,16777216,16777216,13,0,0,0,0,53008,45158,137458,118458,1705,1219,6824,50608477,6610084,0,13,0,0,-99,22,14449679,0,0,0,0,0,1194,6824,50608477,6610084,0,3961,4234,0,-1,10211145,10557007,4194304,0,0,4,0,0,0,0,0,0,0,0,0,0,0,44863,0,0,0,0,0,0,0,-1,0,0,0,-25,3447,0,-163,0,177104,0,0,0,0,0,86572236,86852400,87132564,0,32666,0,0,-8949993,-4854831,0,436425267,0,0,94,0,0,0,0,0,0,0,1,0
80,2025-11-06T10:45:18.236,1,,2348316,2347252,0,0,0,2348316,2348316,2348316,0,0,0,345862,0,0,8250,-21043,0,0,0,0,1565020,272664304,-16777216,-16777216,0,0,0,0,273788384,1,1,86852399,2,16777216,16777216,13,0,0,0,0,53008,45158,137458,118458,1705,1219,6824,50608477,6610084,0,13,0,0,-99,22,14449679,0,0,0,0,0,1194,6824,50608477,6610084,0,3961,4234,0,-1,10211145,10557007,4194304,0,0,4,0,0,0,0,0,0,0,0,0,0,0,44863,0,0,0,0,0,0,0,-1,0,0,0,-25,3447,0,-163,0,177104,0,0,0,0,0,86572236,86852400,87132564,0,32666,0,0,-8949993,-4854831,0,436425267,0,0,94,0,0,0,0,0,0,0,1,0
81,2025-11-06T10:45:18.256,1,,2348316,2347252,0,0,0,2348316,2348316,2348316,0,0,0,345862,0,0,8250,-21043,0,0,0,0,1565020,272664304,-16777216,-16777216,0,0,0,0,273788384,1,1,86852399,2,16777216,16777216,13,0,0,0,0,53008,45158,137458,118458,1705,1219,6824,50608477,6610084,0,13,0,0,-99,22,14449679,0,0,0,0,0,1194,6824,50608477,6610084,0,3961,4234,0,-1,10211145,10557007,4194304,0,0,4,0,0,0,0,0,0,0,0,0,0,0,44863,0,0,0,0,0,0,0,-1,0,0,0,-25,3447,0,-163,0,177104,0,0,0,0,0,86572236,86852400,87132564,0,32666,0,0,-8949993,-4854831,0,436425267,0,0,94,0,0,0,0,0,0,0,1,0
82,2025-11-06T10:45:18.276,1,,2348316,2347252,0,0,0,2348316,2348316,2348316,0,0,0,345862,0,0,8250,-21043,0,0,0,0,1565020,272664304,-16777216,-16777216,0,0,0,0,273788384,1,1,86852399,2,16777216,16777216,13,0,0,0,0,53008,45158,137458,118458,1705,1219,6824,50608477,6610084,0,13,0,0,-99,22,14506898,0,0,0,0,0,1194,6824,50608477,6610084,0,3961,4234,0,-1,10211145,10557007,4194304,0,0,4,0,0,0,0,0,0,0,0,0,0,0,44863,0,0,0,0,0,0,0,-1,0,0,0,-25,3447,0,-163,0,177104,0,0,0,0,0,86572236,86852400,87132564,0,32666,0,0,-8949993,-4854831,0,436425267,0,0,94,0,0,0,0,0,0,0,1,0
83,2025-11-06T10:45:18.296,1,,2348316,2347252,0,0,0,2348316,2348316,2348316,0,0,0,345862,0,0,8250,-21043,0,0,0,0,1565020,272664304,-16777216,-16777216,0,0,0,0,273788384,1,1,86852399,2,16777216,16777216,13,0,0,0,0,53008,45158,137458,118458,1705,1219,6824,50608477,6610084,0,13,0,0,-99,22,14506898,0,0,0,0,0,1194,6824,50608477,6610084,0,3961,4234,0,-1,10211145,10557007,4194304,0,0,4,0,0,0,0,0,0,0,0,0,0,0,44863,0,0,0,0,0,0,0,-1,0,0,0,-25,3447,0,-163,0,177104,0,0,0,0,0,86572236,86852400,87132564,0,32666,0,0,-8949993,-4854831,0,436425267,0,0,94,0,0,0,0,0,0,0,1,0
84,2025-11-06T10:45:18.316,1,,2348316,2347252,0,0,0,2348316,2348316,2348316,0,0,0,345862,0,0,8250,-21043,0,0,0,0,1565020,272664304,-16777216,-16777216,0,0,0,0,273788384,1,1,86852399,2,16777216,16777216,13,0,0,0,0,53008,45158,137458,118458,1705,1219,6824,50608477,6610084,0,13,0,0,-99,22,14506898,0,0,0,0,0,1194,6824,50608477,6610084,0,3961,4234,0,-1,10211145,10557007,4194304,0,0,4,0,0,0,0,0,0,0,0,0,0,0,44863,0,0,0,0,0,0,0,-1,0,0,0,-25,3447,0,-163,0,177104,0,0,0,0,0,86572236,86852400,87132564,0,32666,0,0,-8949993,-4854831,0,436425267,0,0,94,0,0,0,0,0,0,0,1,0
85,2025-11-06T10:45:18.335,1,,2348316,2347252,0,0,0,2348316,2348316,2348316,0,0,0,345862,0,0,8250,-21043,0,0,0,0,1565020,272664304,-16777216,-16777216,0,0,0,0,273788384,1,1,86852399,2,16777216,16777216,13,0,0,0,0,53008,45158,137458,118458,1705,1219,6824,50608477,6610084,0,13,0,0,-99,22,14506898,0,0,0,0,0,1194,6824,50608477,6610084,0,3961,4234,0,-1,10211145,10557007,4194304,0,0,4,0,0,0,0,0,0,0,0,0,0,0,44863,0,0,0,0,0,0,0,-1,0,0,0,-25,3447,0,-163,0,177104,0,0,0,0,0,86572236,86852400,87132564,0,32666,0,0,-8949993,-4854831,0,436425267,0,0,94,0,0,0,0,0,0,0,1,0
86,2025-11-06T10:45:18.356,1,,2348316,2347252,0,0,0,2348316,2348316,2348316,0,0,0,345862,0,0,8250,-21043,0,0,0,0,1565020,272664304,-16777216,-16777216,0,0,0,0,273788384,1,1,86852399,2,16777216,16777216,13,0,0,0,0,53008,45158,137458,118458,1705,1219,6824,50608477,6610084,0,13,0,0,-99,22,14564803,0,0,0,0,0,1194,6824,50608477,6610084,0,3961,4234,0,-1,10211145,10557007,4194304,0,0,4,0,0,0,0,0,0,0,0,0,0,0,44863,0,0,0,0,0,0,0,-1,0,0,0,-25,3447,0,-163,0,177104,0,0,0,0,0,86572236,86852400,87132564,0,32666,0,0,-8949993,-4854831,0,436425267,0,0,94,0,0,0,0,0,0,0,1,0
87,2025-11-06T10:45:18.377,1,,2348316,2347252,0,0,0,2348316,2348316,2348316,0,0,0,345862,0,0,8250,-21043,0,0,0,0,1565020,272664304,-16777216,-16777216,0,0,0,0,273788384,1,1,86852399,2,16777216,16777216,13,0,0,0,0,53008,45158,137458,118458,1705,1219,6824,50608477,6610084,0,13,0,0,-99,22,14564803,0,0,0,0,0,1194,6824,50608477,6610084,0,3961,4234,0,-1,10211145,10557007,4194304,0,0,4,0,0,0,0,0,0,0,0,0,0,0,44863,0,0,0,0,0,0,0,-1,0,0,0,-25,3447,0,-163,0,177104,0,0,0,0,0,86572236,86852400,87132564,0,32666,0,0,-8949993,-4854831,0,436425267,0,0,94,0,0,0,0,0,0,0,1,0
88,2025-11-06T10:45:18.397,1,,2348316,2347252,0,0,0,2348316,2348316,2348316,0,0,0,345862,0,0,8250,-21043,0,0,0,0,1565020,272664304,-16777216,-16777216,0,0,0,0,273788384,1,1,86852399,2,16777216,16777216,13,0,0,0,0,53008,45158,137458,118458,1705,1219,6824,50608477,6610084,0,13,0,0,-99,22,14564803,0,0,0,0,0,1194,6824,50608477,6610084,0,3961,4234,0,-1,10211145,10557007,4194304,0,0,4,0,0,0,0,0,0,0,0,0,0,0,44863,0,0,0,0,0,0,0,-1,0,0,0,-25,3447,0,-163,0,177104,0,0,0,0,0,86572236,86852400,87132564,0,32666,0,0,-8949993,-4854831,0,436425267,0,0,94,0,0,0,0,0,0,0,1,0
89,2025-11-06T10:45:18.417,1,,2348316,2347252,0,0,0,2348316,2348316,2348316,0,0,0,345862,0,0,8250,-21043,0,0,0,0,1565020,272664304,-16777216,-16777216,0,0,0,0,273788384,1,1,86852399,2,16777216,16777216,13,0,0,0,0,53008,45158,137458,118458,1705,1219,6824,50608477,6610084,0,13,0,0,-99,22,14623295,0,0,0,0,0,1194,6824,50608477,6610084,0,3961,4234,0,-1,10211145,10557007,4194304,0,0,4,0,0,0,0,0,0,0,0,0,0,0,44863,0,0,0,0,0,0,0,-1,0,0,0,-25,3447,0,-163,0,177104,0,0,0,0,0,86572236,86852400,87132564,0,32666,0,0,-8949993,-4854831,0,436425267,0,0,94,0,0,0,0,0,0,0,1,0
90,2025-11-06T10:45:18.437,1,,2348316,2347252,0,0,0,2348316,2348316,2348316,0,0,0,345862,0,0,8250,-21043,0,0,0,0,1565020,272664304,-16777216,-16777216,0,0,0,0,273788384,1,1,86852399,2,16777216,16777216,13,0,0,0,0,53008,45158,137458,118458,1705,1219,6824,50608477,6610084,0,13,0,0,-99,22,14623295,0,0,0,0,0,1194,6824,50608477,6610084,0,3961,4234,0,-1,10211145,10557007,4194304,0,0,4,0,0,0,0,0,0,0,0,0,0,0,44863,0,0,0,0,0,0,0,-1,0,0,0,-25,3447,0,-163,0,177104,0,0,0,0,0,86572236,86852400,87132564,0,32666,0,0,-8949993,-4854831,0,436425267,0,0,94,0,0,0,0,0,0,0,1,0
91,2025-11-06T10:45:18.457,1,,2348316,2347252,0,0,0,2348316,2348316,2348316,0,0,0,345862,0,0,8250,-21043,0,0,0,0,1565020,272664304,-16777216,-16777216,0,0,0,0,273788384,1,1,86852399,2,16777216,16777216,13,0,0,0,0,53008,45158,137458,118458,1705,1219,6824,50608477,6610084,0,13,0,0,-99,22,14623295,0,0,0,0,0,1194,6824,50608477,6610084,0,3961,4234,0,-1,10211145,10557007,4194304,0,0,4,0,0,0,0,0,0,0,0,0,0,0,44863,0,0,0,0,0,0,0,-1,0,0,0,-25,3447,0,-163,0,177104,0,0,0,0,0,86572236,86852400,87132564,0,32666,0,0,-8949993,-4854831,0,436425267,0,0,94,0,0,0,0,0,0,0,1,0
92,2025-11-06T10:45:18.477,1,,2348316,2347252,0,0,0,2348316,2348316,2348316,0,0,0,345862,0,0,8250,-21043,0,0,0,0,1565020,272664304,-16777216,-16777216,0,0,0,0,273788384,1,1,86852399,2,16777216,16777216,13,0,0,0,0,53008,45158,137458,118458,1705,1219,6824,50608477,6610084,0,13,0,0,-99,22,14682580,0,0,0,0,0,1194,6824,50608477,6610084,0,3961,4234,0,-1,10211145,10557007,4194304,0,0,4,0,0,0,0,0,0,0,0,0,0,0,44863,0,0,0,0,0,0,0,-1,0,0,0,-25,3447,0,-163,0,177104,0,0,0,0,0,86572236,86852400,87132564,0,32666,0,0,-8949993,-4854831,0,436425267,0,0,94,0,0,0,0,0,0,0,1,0
93,2025-11-06T10:45:18.496,1,,2348316,2347252,0,0,0,2348316,2348316,2348316,0,0,0,345862,0,0,8250,-21043,0,0,0,0,1565020,272664304,-16777216,-16777216,0,0,0,0,273788384,1,1,86852399,2,16777216,16777216,13,0,0,0,0,53008,45158,137458,118458,1705,1219,6824,50608477,6610084,0,13,0,0,-99,22,14682580,0,0,0,0,0,1194,6824,50608477,6610084,0,3961,4234,0,-1,10211145,10557007,4194304,0,0,4,0,0,0,0,0,0,0,0,0,0,0,44863,0,0,0,0,0,0,0,-1,0,0,0,-25,3447,0,-163,0,177104,0,0,0,0,0,86572236,86852400,87132564,0,32666,0,0,-8949993,-4854831,0,436425267,0,0,94,0,0,0,0,0,0,0,1,0
94,2025-11-06T10:45:18.517,1,,2348316,2347252,0,0,0,2348316,2348316,2348316,0,0,0,345862,0,0,8250,-21043,0,0,0,0,1565020,272664304,-16777216,-16777216,0,0,0,0,273788384,1,1,86852399,2,16777216,16777216,13,0,0,0,0,53008,45158,137458,118458,1705,1219,6824,50608477,6610084,0,13,0,0,-99,22,14682580,0,0,0,0,0,1194,6824,50608477,6610084,0,3961,4234,0,-1,10211145,10557007,4194304,0,0,4,0,0,0,0,0,0,0,0,0,0,0,44863,0,0,0,0,0,0,0,-1,0,0,0,-25,3447,0,-163,0,177104,0,0,0,0,0,86572236,86852400,87132564,0,32666,0,0,-8949993,-4854831,0,436425267,0,0,94,0,0,0,0,0,0,0,1,0
