DLONG,LP speed,Lateral Speed,DLAT
0,171.5522727,2562,0
65536,171.8335227,2655,0
131072,172.1232955,2780,0
196608,172.3909091,2816,0
262144,172.5323864,2733,0
327680,172.7693182,2618,0
393216,173.0335227,2701,0
458752,173.1715909,2815,0
524288,173.3914773,2819,0
589824,173.6744318,2816,0
655360,173.9539773,2813,0
720896,174.1704545,2817,0
786432,174.3119318,2703,-40141
851968,174.5505682,2575,-38483
917504,174.7636364,2563,-36845
983040,174.9034091,2370,-35206
1048576,175.1590909,2014,-33818
1114112,175.4488636,1438,-32638
1179648,175.7198864,784,-31986
1245184,175.8153409,384,-31641
1310720,175.8255682,-15,-31498
1376256,176.1068182,-506,-31661
1441792,176.3897727,-1019,-32140
1507328,176.6710227,-1516,-32951
1572864,176.7119318,-1944,-34058
1638400,176.7732955,-2481,-35408
1703936,176.9267045,-3113,-37193
1769472,177.09375,-3564,-39340
1835008,177.2556818,-4046,-41689
1900544,177.3954545,-4668,-44440
1966080,177.5045455,-5178,-47567
2031616,177.6306818,-5255,-50957
2097152,177.75,-4963,-54177
2162688,177.9289773,-4578,-57195
2228224,178.2068182,-3932,-59925
2293760,178.3738636,-3362,-62125
2359296,178.5034091,-3016,-64136
2424832,178.6414773,-2737,-65899
2490368,178.7761364,-2604,-67559
2555904,178.9125,-2429,-69154
2621440,179.0505682,-2305,-70592
2686976,179.1835227,-2304,-72029
2752512,179.3198864,-2199,-73465
2818048,179.4596591,-2099,-74769
2883584,179.5926136,-2203,-76078
2949120,179.7272727,-2303,-77510
3014656,179.8636364,-2305,-78941
3080192,179.9982955,-2304,-80373
3145728,180.1346591,-2303,-81801
3211264,180.2676136,-2305,-83229
3276800,180.4039773,-2206,-84657
3342336,180.5420455,-2096,-85962
3407872,180.6545455,-2195,-87251
3473408,180.6528409,-2304,-88676
3538944,180.6545455,-2304,-90101
3604480,180.6545455,-2304,-91526
3670016,178.6806818,-2253,-92950
3735552,175.8306818,-2133,-94343
3801088,171.3409091,-2052,-95660
3866624,166.8153409,-1949,-97019
3932160,162.3153409,-1559,-98271
3997696,157.9022727,-961,-99164
4063232,153.4772727,-290,-99631
4128768,149.04375,510,-99586
4194304,144.6306818,1637,-98867
4259840,140.5142045,3078,-97058
4325376,136.5767045,4367,-93972
4390912,132.5982955,5475,-89913
4456448,128.4971591,6704,-84748
4521984,124.25625,8024,-78257
4587520,119.8619318,9260,-70321
4653056,115.3261364,10224,-60997
4718592,110.7903409,11116,-50514
4784128,106.0380682,11863,-38581
4849664,100.9482955,12181,-25519
4915200,96.50113636,11714,-11622
4980736,92.49204545,9824,1602
5046272,88.58693182,7275,12109
5111808,84.90170455,5149,19948
5177344,81.68863636,3736,25659
5242880,79.34488636,2885,30167
5308416,78.07329545,2313,33782
5373952,77.19715909,2158,36787
5439488,76.49318182,2143,40027
5505024,75.76534091,2138,43046
5570560,75.25738636,2130,46333
5636096,75.25909091,2127,49370
5701632,75.21988636,2111,52646
5767168,75.22840909,1862,55641
5832704,75.34602273,1631,58176
5898240,75.29488636,1372,60478
5963776,74.63011364,1079,62248
6029312,73.93636364,958,63708
6094848,73.28011364,885,65141
6160384,73.02272727,901,66405
6225920,72.94261364,1050,67898
6291456,73.23238636,1123,69620
6356992,73.52556818,1019,71324
6422528,73.71306818,820,72717
6488064,73.92443182,605,73809
6553600,73.83238636,312,74544
6619136,73.21875,-16,74752
6684672,72.62386364,-125,74496
6750208,71.82272727,-162,74367
6815744,71.27386364,-192,73993
6881280,71.19034091,-238,73766
6946816,70.85625,-505,73245
7012352,70.59034091,-764,72174
7077888,70.20511364,-955,70828
7143424,69.375,-1249,69135
7208960,68.45454545,-1515,66807
7274496,67.64147727,-1661,64191
7340032,66.85909091,-1714,61321
7405568,65.97784091,-1615,58462
7471104,65.94034091,-1565,55851
7536640,65.63522727,-1521,53161
7602176,65.55852273,-1457,50675
7667712,65.85681818,-1583,48196
7733248,65.82784091,-1798,45304
7798784,66.02386364,-2053,42094
7864320,66.09375,-2446,38358
7929856,66.41420455,-2861,33824
7995392,67.09431818,-3113,28735
8060928,68.27045455,-3461,23459
8126464,69.87954545,-3951,17408
8192000,71.1375,-4397,10828
8257536,72.29659091,-4943,3598
8323072,73.48636364,-5621,-4448
8388608,74.76136364,-6469,-13493
8454144,76.45738636,-7135,-23780
8519680,78.41761364,-7051,-34342
8585216,80.55170455,-6610,-43868
8650752,82.62102273,-6249,-52676
8716288,84.37670455,-5823,-60766
8781824,86.41363636,-5277,-68093
8847360,88.40795455,-4567,-74411
8912896,89.90625,-3662,-79636
8978432,91.77613636,-2707,-83511
9043968,93.30340909,-1857,-86226
9109504,94.79829545,-988,-87957
9175040,96.54715909,-80,-88554
9240576,97.99772727,644,-88143
9306112,99.31363636,1269,-87086
9371648,100.6721591,2030,-85288
9437184,101.8755682,2870,-82580
9502720,103.2119318,3614,-78993
9568256,104.6181818,4213,-74756
9633792,105.8301136,4653,-69996
9699328,106.9755682,5062,-64934
9764864,108.1090909,5343,-59424
9830400,109.4318182,5495,-53893
9895936,110.5534091,5503,-48206
9961472,111.6528409,5504,-42771
10027008,112.9414773,5625,-37191
10092544,114.0289773,5632,-31644
10158080,115.2886364,5517,-26157
10223616,116.3625,5388,-20952
10289152,117.4039773,5376,-15811
10354688,118.4369318,5279,-10722
10420224,119.4630682,5064,-5852
10485760,120.4772727,4826,-1250
10551296,121.4846591,4526,3098
10616832,122.4852273,4111,7073
10682368,123.4755682,3692,10596
10747904,124.4573864,3365,13754
10813440,125.4323864,3003,16636
10878976,126.4022727,2542,19102
10944512,127.3619318,2063,21129
11010048,128.1375,1604,22722
11075584,128.9676136,1251,23925
11141120,129.7960227,1134,24889
11206656,130.6704545,1341,25877
11272192,131.5568182,1831,27182
11337728,132.3392045,2354,28986
11403264,133.1267045,2944,31156
11468800,133.9210227,3530,33927
11534336,134.5875,4028,37045
11599872,135.3136364,4569,40614
11665408,136.0789773,4963,44588
11730944,136.7982955,4984,48763
11796480,137.6198864,4626,52729
11862016,138.3340909,4189,56273
11927552,139.0346591,3804,59493
11993088,139.8119318,3419,62387
12058624,140.6454545,3023,64957
12124160,141.3392045,2577,67189
12189696,142.0295455,2234,69029
12255232,142.7113636,1991,70703
12320768,143.3931818,1680,72147
12386304,144.0528409,1395,73320
12451840,144.5607955,1176,74310
12517376,145.2017045,917,75138
12582912,145.8715909,663,75722
12648448,146.5022727,667,76153
12713984,147.0017045,654,76738
12779520,147.7943182,526,77147
12845056,148.4267045,481,77533
12910592,148.9193182,353,77871
12976128,149.4102273,372,78063
13041664,147.6818182,499,78427
13107200,144.1431818,512,78818
13172736,139.3840909,504,79221
13238272,134.6113636,375,79626
13303808,129.8028409,371,79843
13369344,124.9875,497,80264
13434880,120.1551136,426,80731
13500416,115.4590909,299,81057
13565952,110.7170455,338,81310
13631488,105.9068182,377,81740
13697024,101.1204545,297,82106
13762560,96.1875,261,82395
13828096,91.44545455,361,82713
13893632,86.50738636,288,83278
13959168,81.55397727,60,83456
14024704,76.64659091,-235,83444
14090240,71.70170455,-725,82772
14155776,66.4125,-1210,81186
14221312,61.07386364,-1859,78700
14286848,56.87556818,-2713,74385
14352384,53.02670455,-3789,68044
14417920,49.65681818,-5257,58423
14483456,47.41363636,-7074,44392
14548992,45.57102273,-9032,25088
14614528,43.71306818,-11174,113
14680064,42.80625,-12124,-32024
14745600,43.84090909,-9615,-63166
14811136,45.825,-5264,-81022
14876672,46.54943182,-1618,-88829
14942208,45.88125,1637,-88788
15007744,43.32784091,5097,-80857
15073280,43.60056818,9226,-62508
15138816,47.0625,11304,-33581
15204352,51.38181818,10323,-8846
15269888,55.02272727,9101,11304
15335424,58.51022727,8121,28109
15400960,61.52045455,7258,42316
15466496,64.6125,6334,54468
15532032,67.43693182,5343,64219
15597568,69.89659091,4555,72170
15663104,72.31363636,3638,78779
15728640,74.63352273,2779,83411
15794176,76.88522727,2107,87099
15859712,78.78238636,1356,89534
15925248,80.78181818,672,90944
15990784,82.62443182,166,91392
16056320,84.375,-74,91392
16121856,85.92613636,-202,91196
16187392,87.76875,-256,90866
16252928,89.14261364,-199,90544
16318464,90.74318182,-71,90368
16384000,92.26534091,0,90368
16449536,93.79431818,0,90368
16515072,94.88352273,0,90368
16580608,92.25340909,62,90368
16646144,87.49602273,100,90518
16711680,82.83409091,39,90624
16777216,78.2625,0,90624
16842752,73.27840909,0,90624
16908288,68.41875,0,90624
16973824,63.64261364,0,90624
17039360,59.64375,0,90624
17104896,56.01306818,-289,90624
17170432,52.63806818,-1159,89470
17235968,50.13068182,-2701,85706
17301504,48.92556818,-4834,77431
17367040,47.5875,-7276,63631
17432576,45.7125,-10060,43269
17498112,43.67897727,-12849,14464
17563648,44.52954545,-13172,-22453
17629184,48.10738636,-9829,-51624
17694720,50.49204545,-5048,-68101
17760256,51.04431818,-640,-73962
17825792,49.78977273,3550,-70904
17891328,46.78806818,8139,-58032
17956864,46.90397727,12353,-32038
18022400,49.95170455,13243,808
18087936,53.15113636,11230,27196
18153472,56.58920455,9367,48011
18219008,59.67102273,7506,64178
18284544,62.27727273,5353,76114
18350080,64.76590909,3101,83383
18415616,66.57443182,1008,86811
18481152,68.65568182,-1083,86768
18546688,70.24090909,-3037,83286
18612224,72.04261364,-4611,77109
18677760,74.25170455,-5711,68985
18743296,76.19488636,-6197,59926
18808832,78.10397727,-6324,50815
18874368,80.2125,-6199,41836
18939904,82.30568182,-5873,33550
19005440,84.15170455,-5500,25893
19070976,85.98579545,-5020,18947
19136512,87.98863636,-4443,12851
19202048,89.62670455,-3871,7665
19267584,91.47102273,-3398,3202
19333120,93.05284091,-2773,-634
19398656,94.60909091,-2145,-3457
19464192,96.14318182,-1603,-5699
19529728,97.48636364,-954,-7181
19595264,98.92670455,-214,-7886
19660800,100.6039773,539,-7663
19726336,101.7818182,1386,-6690
19791872,102.8284091,2236,-4622
19857408,104.2431818,3083,-1831
19922944,105.46875,3990,1985
19988480,106.55625,4568,6621
20054016,107.85,4428,11563
20119552,109.0125,3589,15793
20185088,110.2431818,2618,18919
20250624,111.4056818,1666,21099
20316160,112.3875,601,22260
20381696,113.4136364,-512,22294
20447232,114.4892045,-1621,21252
20512768,115.4471591,-2713,19131
20578304,116.2107955,-3813,16002
20643840,117.0988636,-4927,11801
20709376,118.0738636,-6153,6601
20774912,118.7676136,-7350,158
20840448,119.38125,-8557,-7224
20905984,120.4517045,-9230,-15857
20971520,121.7130682,-8719,-24344
21037056,122.7238636,-7758,-31861
21102592,123.8846591,-6836,-38467
21168128,124.9073864,-5926,-44190
21233664,125.8772727,-5096,-49067
21299200,126.8386364,-4333,-53234
21364736,127.7948864,-3515,-56699
21430272,128.7920455,-2645,-59378
21495808,129.8880682,-1747,-61287
21561344,130.6363636,-925,-62383
21626880,131.3829545,-157,-62868
21692416,132.2625,747,-62650
21757952,133.0772727,1708,-61606
21823488,133.8085227,2547,-59782
21889024,134.55,3145,-57354
21954560,135.2147727,3376,-54561
22020096,135.9784091,3376,-51776
22085632,136.78125,3297,-49014
22151168,137.1698864,3213,-46390
22216704,137.1153409,3268,-43780
22282240,136.8051136,3216,-41066
22347776,136.3431818,3106,-38529
22413312,135.7073864,3105,-35976
22478848,135.0767045,3099,-33417
22544384,134.2977273,3362,-30851
22609920,133.3397727,4284,-27824
22675456,132.2795455,5799,-23672
22740992,131.1460227,7540,-18030
22806528,130.1965909,9166,-10828
22872064,129.1159091,10665,-2301
22937600,127.9823864,12122,7626
23003136,126.9102273,13457,18861
23068672,126.1261364,14268,31316
23134208,125.7886364,13414,44136
23199744,125.6130682,11084,55140
23265280,125.4835227,8332,63849
23330816,125.1102273,5755,69975
23396352,124.5051136,3611,74127
23461888,123.8778409,1602,76455
23527424,123.1329545,-352,77016
23592960,122.0590909,-2226,75817
23658496,120.8352273,-4217,72941
23724032,119.8056818,-6145,68020
23789568,118.6278409,-7769,61482
23855104,117.2386364,-9347,53389
23920640,115.8357955,-10978,43670
23986176,114.4039773,-12693,32215
24051712,112.8426136,-14446,18882
24117248,111.4994318,-15924,3613
24182784,110.9846591,-16315,-13026
24248320,110.8210227,-15124,-29229
24313856,110.11875,-13109,-43517
24379392,108.5795455,-11013,-55825
24444928,106.0738636,-9026,-66177
24510464,102.7789773,-7262,-74836
24576000,99.00170455,-5678,-81964
24641536,94.98579545,-4002,-87650
24707072,90.07329545,-1299,-91378
24772608,84.39545455,656,-90872
24838144,79.33806818,994,-89641
24903680,74.55681818,1499,-88073
24969216,70.13352273,2429,-85148
25034752,67.02613636,3796,-80334
25100288,64.91931818,5769,-72495
25165824,62.41704545,8172,-60480
25231360,60.20795455,10911,-43246
25296896,57.51477273,13703,-19993
25362432,56.60965909,14903,9984
25427968,58.35852273,11438,38823
25493504,59.625,4538,53772
25559040,58.22386364,-1606,55828
25624576,53.6625,-7306,47608
25690112,47.90454545,-13280,25409
25755648,46.77272727,-16935,-14326
25821184,48.66477273,-16147,-55483
25886720,50.67784091,-13132,-88458
25952256,53.30454545,-10457,-113374
26017792,56.14602273,-8048,-132288
26083328,58.65340909,-5535,-145400
26148864,60.38011364,-3046,-153370
26214400,61.92102273,-578,-156672
26279936,63.10909091,1847,-155454
26345472,64.63636364,4036,-150134
26411008,66.40056818,5658,-141502
26476544,68.79545455,6360,-131096
26542080,71.00625,6160,-120849
26607616,73.5375,5704,-111713
26673152,75.65795455,5243,-103519
26738688,78.04261364,4760,-96230
26804224,79.89204545,4409,-89891
26869760,82.14204545,4185,-83901
26935296,83.89943182,3854,-78508
27000832,85.78125,3640,-73637
27066368,87.53863636,3295,-69029
27131904,89.4,2861,-65228
27197440,91.02102273,2478,-61878
27262976,92.77329545,2050,-59146
27328512,94.39261364,1435,-56940
27394048,95.90454545,706,-55750
27459584,97.22556818,61,-55296
27525120,98.80909091,-700,-55611
27590656,100.2903409,-1626,-56879
27656192,101.5346591,-2589,-59233
27721728,102.8130682,-3069,-62575
27787264,104.1289773,-3040,-65903
27852800,105.3511364,-2791,-69097
27918336,106.5477273,-2431,-71822
27983872,107.7409091,-2261,-74195
28049408,108.7414773,-2133,-76511
28114944,110.0744318,-2006,-78578
28180480,111.0835227,-1989,-80583
28246016,112.0329545,-1887,-82578
28311552,113.1375,-1761,-84347
28377088,114.1176136,-1737,-86055
28442624,115.0431818,-1573,-87747
28508160,116.0965909,-1252,-89109
28573696,117.2181818,-918,-90156
28639232,118.1488636,-468,-90860
28704768,118.9789773,178,-91041
28770304,119.94375,989,-90525
28835840,120.9357955,1884,-89199
28901376,121.9397727,3026,-87044
28966912,122.7732955,4553,-83655
29032448,123.3954545,5706,-78759
29097984,124.3107955,6351,-73324
29163520,125.2653409,6943,-67345
29229056,126.1261364,7489,-60940
29294592,126.9034091,8183,-54078
29360128,127.6090909,9121,-46533
29425664,128.1886364,10091,-38109
29491200,128.7477273,11150,-28945
29556736,129.4857955,12213,-18761
29622272,130.0755682,13085,-7872
29687808,130.8017045,13528,3714
29753344,131.7426136,13218,15235
29818880,132.7210227,12490,26130
29884416,133.7113636,11738,36261
29949952,134.7272727,11016,45743
30015488,135.5761364,10244,54528
30081024,136.4147727,9467,62625
30146560,137.2636364,8718,70033
30212096,138.0886364,8055,76814
30277632,138.8147727,7269,83065
30343168,139.5596591,6428,88514
30408704,140.3028409,5713,93356
30474240,141.0664773,5010,97610
30539776,141.8471591,4189,101291
30605312,142.5085227,3256,104208
30670848,143.0693182,2481,106395
30736384,143.6727273,1897,108082
30801920,144.3801136,1062,109345
30867456,144.9732955,37,109726
30932992,145.4829545,-776,109401
30998528,145.9789773,-1449,108534
31064064,146.4920455,-2244,107183
31129600,147.0443182,-3224,105112
31195136,147.5267045,-4162,102284
31260672,147.9494318,-5030,98809
31326208,148.2664773,-6163,94689
31391744,148.7897727,-7344,89522
31457280,149.2346591,-8369,83661
31522816,149.4835227,-9834,76993
31588352,149.5875,-11594,68964
31653888,149.9232955,-12801,59676
31719424,150.3954545,-13335,49887
31784960,150.8352273,-13288,39866
31850496,151.4914773,-12960,30206
31916032,150.2965909,-12571,20752
31981568,147.3767045,-12014,11518
32047104,142.7028409,-11343,2539
32112640,138.0102273,-10598,-6240
32178176,133.3022727,-9752,-14617
32243712,128.5738636,-9023,-22584
32309248,123.8318182,-8329,-30296
32374784,119.1,-7515,-37611
32440320,114.3596591,-6839,-44393
32505856,109.6397727,-6196,-50973
32571392,104.9386364,-5669,-57019
32636928,100.1846591,-5390,-63043
32702464,95.19715909,-5012,-69041
32768000,90.27784091,-4684,-74806
32833536,85.75568182,-4444,-80632
32899072,80.76818182,-4039,-86383
32964608,75.64943182,-3631,-91805
33030144,70.69090909,-3024,-97107
33095680,65.69318182,-2142,-101361
33161216,61.95170455,-1182,-104391
33226752,59.82443182,-190,-105625
33292288,58.69602273,739,-105099
33357824,58.17102273,1408,-102812
33423360,57.89318182,1894,-99690
33488896,57.15681818,2606,-95504
33554432,56.59431818,3809,-89505
33619968,55.68238636,5499,-80467
33685504,54.04602273,7707,-67440
33751040,52.125,10331,-48608
33816576,49.28181818,13021,-23160
33882112,46.6875,15500,10422
33947648,47.41534091,14680,51012
34013184,50.49034091,10198,79593
34078720,52.60909091,5873,96137
34144256,53.35227273,2023,104534
34209792,52.46590909,-1539,104607
34275328,49.94829545,-4967,97981
34340864,48.17727273,-9120,82390
34406400,48.95454545,-11060,55688
34471936,50.88409091,-9217,31916
34537472,52.95170455,-6423,15218
34603008,54.79602273,-3789,4817
34668544,57.15,-1235,-231
34734080,58.875,1473,-9
34799616,59.68636364,4250,5357
34865152,60.1875,6977,15900
34930688,60.10397727,9543,31256
34996224,59.47840909,11448,51373
35061760,57.42102273,11177,74260
35127296,55.15568182,8780,94862
35192832,54.96647727,5859,109824
35258368,54.72272727,2871,118678
35323904,54.73465909,23,121545
35389440,54.96306818,-2694,118772
35454976,54.975,-5112,110592
35520512,54.98011364,-7167,97995
35586048,54.20965909,-9050,81466
35651584,52.17272727,-11014,60698
35717120,49.89545455,-13393,34302
35782656,47.84147727,-15422,730
35848192,48.88977273,-13865,-37717
35913728,51.29318182,-8554,-62629
35979264,51.94431818,-3596,-74974
36044800,50.70170455,608,-78095
36110336,47.50227273,4630,-72296
36175872,45.63068182,8877,-56320
36241408,47.35738636,11140,-28831
36306944,51.57613636,10241,-3763
36372480,54.86079545,8250,15530
36438016,57.87784091,6262,29833
36503552,60.54715909,4403,39701
36569088,63.31363636,2955,46080
36634624,65.95909091,2104,50129
36700160,68.46988636,1699,53206
36765696,70.73863636,1430,55673
36831232,73.25965909,1237,57723
36896768,75.22840909,1084,59444
36962304,77.58238636,904,60941
37027840,79.44204545,639,62047
37093376,81.47897727,339,62739
37158912,83.34715909,88,62976
37224448,85.20511364,-103,62976
37289984,86.91988636,-231,62706
37355520,88.78636364,-314,62381
37421056,90.41931818,-360,61916
37486592,92.02329545,-407,61492
37552128,93.6,-471,60928
37617664,95.14772727,-441,60369
37683200,96.67329545,-532,59894
37748736,98.17329545,-656,59139
37814272,99.65284091,-878,58402
37879808,101.1102273,-1193,57170
37945344,102.3630682,-1388,55765
38010880,103.7488636,-1634,54140
38076416,105.1482955,-1909,52246
38141952,106.3125,-2068,50084
38207488,107.6607955,-2339,47901
38273024,108.7857955,-2702,45230
38338560,109.93125,-2816,42351
38404096,111.2539773,-2835,39507
38469632,112.5272727,-2963,36657
38535168,113.6045455,-3072,33624
38600704,114.6732955,-3072,30615
38666240,115.7301136,-3073,27638
38731776,116.7801136,-3073,24684
38797312,117.8181818,-3072,21760
38862848,118.8494318,-3191,18858
38928384,120.0596591,-3320,15761
38993920,121.0960227,-3227,12681
39059456,121.9414773,-3188,9808
39124992,122.8755682,-3289,6840
39190528,123.8642045,-3328,3827
39256064,124.8443182,-3329,838
39321600,125.8176136,-3360,-2129
39387136,126.7329545,-3474,-5128
39452672,127.5238636,-3444,-8254
39518208,128.4767045,-3451,-11162
39583744,129.4176136,-3474,-14255
39649280,130.2085227,-3434,-17160
39714816,131.0710227,-3538,-20147
39780352,131.9113636,-3547,-23191
39845888,132.6511364,-3434,-26154
39911424,133.4011364,-3469,-28976
39976960,134.3096591,-3583,-31964
40042496,135.0528409,-3583,-34935
40108032,135.7704545,-3461,-37891
40173568,136.5767045,-3207,-40631
40239104,137.4170455,-3069,-43138
40304640,138.1261364,-2941,-45621
40370176,138.8318182,-2616,-47895
40435712,139.5323864,-2290,-49831
40501248,140.2278409,-2073,-51562
40566784,140.9676136,-1881,-53134
40632320,141.8267045,-1533,-54544
40697856,142.3414773,-1279,-55549
40763392,142.9789773,-1162,-56552
40828928,143.6607955,-883,-57365
40894464,144.3375,-618,-57926
40960000,145.0125,-512,-58322
41025536,145.6806818,-512,-58714
41091072,146.2534091,-478,-59106
41156608,146.7971591,-350,-59444
41222144,147.4602273,-378,-59639
41287680,147.9613636,-506,-60017
41353216,148.5579545,-474,-60402
41418752,149.2142045,-346,-60729
41484288,149.8653409,-379,-60921
41549824,150.3579545,-428,-61294
41615360,150.9443182,-305,-61557
41680896,151.5460227,-256,-61746
41746432,152.0284091,-140,-61934
41811968,152.5073864,-12,-61952
41877504,153.0732955,-22,-61952
41943040,153.6818182,-150,-61984
42008576,154.1556818,-155,-62170
42074112,154.6295455,-27,-62208
42139648,155.1664773,0,-62208
42205184,155.7903409,0,-62208
42270720,156.2590909,-79,-62208
42336256,156.7261364,-180,-62321
42401792,157.1931818,-100,-62464
42467328,157.6568182,0,-62464
42532864,157.9943182,0,-62464
42598400,158.3642045,0,-62464
42663936,158.8261364,0,-62464
42729472,159.4346591,-70,-62464
42795008,158.5363636,-182,-62562
42860544,156.0954545,-110,-62720
42926080,151.3210227,-98,-62720
42991616,146.6471591,-225,-62865
43057152,141.99375,-278,-63063
43122688,137.2926136,-407,-63303
43188224,132.4278409,-638,-63726
43253760,127.5221591,-765,-64380
43319296,122.7664773,-769,-65066
43384832,117.9017045,-853,-65780
43450368,113.1,-980,-66682
43515904,108.3954545,-1025,-67715
43581440,103.5664773,-1024,-68794
43646976,98.85,-1023,-69925
43712512,94.06363636,-917,-71107
43778048,89.06420455,-878,-72104
43843584,84.27272727,-850,-73310
43909120,79.21022727,-768,-74358
43974656,74.36420455,-699,-75478
44040192,69.09545455,-649,-76458
44105728,64.44034091,-587,-77575
44171264,60.49431818,-414,-78492
44236800,56.57556818,-42,-79104
44302336,53.00625,786,-78656
44367872,49.17443182,2205,-75792
44433408,46.15909091,4228,-68637
44498944,44.52784091,6649,-55326
44564480,43.21704545,9089,-35277
44630016,42.12954545,11283,-8340
44695552,42.74318182,10574,24559
44761088,44.20227273,6751,46928
44826624,44.01306818,2893,58680
44892160,42.83352273,-451,61613
44957696,40.425,-3508,56326
45023232,39.10397727,-6488,42226
45088768,40.16761364,-7202,19257
45154304,43.86818182,-5225,2166
45219840,47.11534091,-2644,-7356
45285376,49.70795455,96,-10370
45350912,51.47727273,2951,-6925
45416448,53.08977273,5620,2439
45481984,54.56590909,7874,16727
45547520,56.73409091,9108,34680
45613056,59.98295455,8814,52593
45678592,58.60568182,6920,67508
45744128,54.77386364,4651,78974
45809664,52.04488636,2293,86481
45875200,50.82443182,-436,88819
45940736,49.03465909,-3479,84562
46006272,46.18295455,-6357,72967
46071808,42.85738636,-9269,53810
46137344,40.07386364,-12307,24648
46202880,39.91022727,-12510,-14805
46268416,42.55738636,-9001,-45385
46333952,44.53125,-4562,-62059
46399488,45.70909091,-410,-68274
46465024,44.82102273,3964,-64064
46530560,44.82784091,8675,-48512
46596096,47.54318182,10801,-20831
46661632,51.32556818,9270,2244
46727168,54.70056818,7339,19521
46792704,57.59147727,5623,32219
46858240,60.88636364,4433,41332
46923776,63.44318182,3867,48485
46989312,66.28806818,3573,54949
47054848,68.60284091,3096,60526
47120384,71.21761364,2499,65030
47185920,73.53920455,1715,68367
47251456,75.50284091,747,70239
47316992,77.69659091,-136,70579
47382528,79.86306818,-870,69847
47448064,81.70909091,-1722,68145
47513600,83.38806818,-2462,65138
47579136,85.23920455,-3090,61549
47644672,86.94545455,-3688,57038
47710208,88.60056818,-4121,52071
47775744,90.24204545,-4563,46648
47841280,91.84943182,-4827,40774
47906816,93.42102273,-5018,34905
47972352,95.02840909,-5227,28774
48037888,96.63409091,-5265,22616
48103424,97.89034091,-5307,16600
48168960,99.41590909,-5378,10504
48234496,100.9465909,-5481,4515
48300032,102.1977273,-5495,-1627
48365568,103.5903409,-5269,-7498
48431104,104.9948864,-5112,-12990
48496640,106.3568182,-4981,-18377
48562176,107.5261364,-4821,-23454
48627712,108.8795455,-4567,-28394
48693248,110.1715909,-4302,-32826
48758784,111.3153409,-4047,-37117
48824320,112.5784091,-3793,-40948
48889856,113.6556818,-3538,-44644
48955392,114.7585227,-3294,-47902
49020928,115.9977273,-3039,-51057
49086464,117.0426136,-2806,-53755
49152000,118.0806818,-2551,-56413
49217536,119.1068182,-2304,-58582
49283072,120.1261364,-2188,-60735
49348608,121.3193182,-1849,-62651
49414144,122.3539773,-1580,-64139
49479680,123.1994318,-1455,-65536
49545216,124.1130682,-1261,-66778
49610752,125.0914773,-1034,-67806
49676288,126.0613636,-811,-68626
49741824,127.0261364,-606,-69243
49807360,127.9551136,-512,-69691
49872896,128.7153409,-261,-70137
49938432,129.4704545,-4,-70144
50003968,130.3755682,84,-70144
50069504,131.30625,213,-69999
50135040,132.1414773,256,-69782
50200576,132.8778409,256,-69567
50266112,133.6295455,256,-69352
50331648,134.5397727,256,-69138
50397184,135.2761364,256,-68927
50462720,135.9954545,194,-68716
50528256,136.7982955,99,-68608
50593792,137.6403409,161,-68554
50659328,138.3460227,256,-68346
50724864,139.0482955,256,-68140
50790400,139.7488636,256,-67935
50855936,140.4443182,221,-67731
50921472,141.1363636,94,-67584
50987008,141.825,129,-67582
51052544,142.3380682,162,-67381
51118080,142.9772727,-25,-67328
51183616,143.7357955,-208,-67420
51249152,144.0886364,-404,-67652
51314688,142.0704545,-512,-68047
51380224,137.5142045,-513,-68457
51445760,132.6869318,-513,-68881
51511296,127.9073864,-553,-69320
51576832,123.1176136,-653,-69847
51642368,118.3159091,-610,-70505
51707904,113.4835227,-512,-70998
51773440,108.5045455,-513,-71514
51838976,103.7744318,-513,-72054
51904512,99.13295455,-513,-72618
51970048,94.19318182,-436,-73210
52035584,89.45625,-308,-73653
52101120,84.49602273,6,-73980
52166656,79.49318182,474,-73637
52232192,74.43068182,1038,-72649
52297728,69.36818182,1756,-70522
52363264,64.48636364,2670,-66994
52428800,59.36931818,3864,-61269
52494336,54.40568182,5059,-52452
52559872,49.35852273,6350,-40497
52625408,44.16818182,7740,-23707
52690944,40.67386364,7757,-1346
52756480,39.25397727,5436,18903
52822016,38.51420455,2432,29594
52887552,37.4625,19,33008
52953088,35.80568182,-2024,29704
53018624,35.07784091,-4037,20378
53084160,34.52727273,-6245,3994
53149696,37.26136364,-7464,-20033
53215232,41.90795455,-6417,-40759
53280768,45.76534091,-4257,-54242
53346304,49.28693182,-2287,-61543
53411840,52.48125,-757,-64607
53477376,55.74545455,-40,-64768
53542912,58.75909091,-189,-64768
53608448,57.99375,-589,-65485
53673984,52.64488636,-770,-67035
53739520,48.30681818,-665,-68753
53805056,46.92954545,-104,-70113
53870592,45.15511364,1279,-69247
53936128,43.44034091,3577,-63785
54001664,41.60965909,6607,-50848
54067200,38.49204545,9839,-28308
54132736,38.76647727,11456,6263
54198272,41.66931818,8923,37712
54263808,43.24261364,4038,54103
54329344,42.98522727,-415,58573
54394880,41.88409091,-4339,51948
54460416,43.6125,-5695,35429
54525952,47.76477273,-4552,22772
54591488,51.20113636,-3142,14137
54657024,54.89488636,-1981,9061
54722560,58.14886364,-1150,6076
54788096,61.20511364,-251,4641
54853632,64.09090909,901,5160
54919168,66.85397727,1965,7782
54984704,69.46363636,2969,11728
55050240,71.82102273,3816,17330
55115776,70.96363636,4119,23600
55181312,65.95738636,3767,30298
55246848,60.83522727,2977,36359
55312384,55.62102273,1901,41232
55377920,50.35056818,581,43997
55443456,45.64602273,-1094,43812
55508992,42.28806818,-3316,38640
55574528,41.27897727,-5374,26294
55640064,40.81875,-5896,9552
55705600,41.12727273,-5468,-5976
55771136,41.73409091,-4850,-20152
55836672,42.65965909,-3986,-31940
55902208,43.50852273,-2906,-41027
55967744,44.56193182,-1614,-46861
56033280,46.23920455,-41,-49118
56098816,48.01193182,2002,-47060
56164352,49.41647727,4543,-39803
56229888,51.79431818,6325,-26522
56295424,55.16590909,6104,-12520
56360960,58.38920455,5176,-1800
56426496,61.47443182,4998,7284
56492032,64.19829545,5011,16366
56557568,66.80113636,4788,24722
56623104,69.51818182,4341,32382
56688640,71.93522727,3701,38672
56754176,74.26534091,3126,43875
56819712,76.52727273,2496,48077
56885248,78.73295455,1782,51161
56950784,80.75113636,929,53135
57016320,82.54261364,-65,53731
57081856,84.51136364,-1183,52959
57147392,86.11534091,-2421,50604
57212928,87.69375,-3875,46679
57278464,89.30284091,-5498,40730
57344000,90.39034091,-7134,32925
57409536,91.46931818,-8838,23096
57475072,90.53181818,-10310,11338
57540608,86.07272727,-11299,-2346
57606144,81.36136364,-11743,-17991
57671680,77.37443182,-10665,-34594
57737216,74.01136364,-8152,-48787
57802752,70.21875,-5574,-59203
57868288,66.05795455,-3394,-66522
57933824,61.55965909,-1492,-70682
57999360,56.34034091,93,-71936
58064896,51.37670455,1425,-70312
58130432,47.11022727,2612,-65740
58195968,43.4625,4480,-57924
58261504,40.00568182,7336,-42711
58327040,38.08977273,10130,-16957
58392576,37.73693182,9994,16711
58458112,37.97215909,7321,42214
58523648,37.84431818,4767,59784
58589184,37.65681818,2373,70357
58654720,36.59147727,-77,73861
58720256,34.45056818,-2421,69888
58785792,32.22613636,-4693,58163
58851328,30.52329545,-7265,37353
58916864,32.92159091,-9601,4982
58982400,38.59943182,-9861,-27800
59047936,43.30227273,-8003,-52096
59113472,47.51420455,-5993,-69092
59179008,50.72556818,-3811,-80277
59244544,53.60284091,-1658,-85876
59310080,56.43238636,270,-87190
59375616,58.82386364,1816,-84806
59441152,61.66022727,2447,-80293
59506688,64.50340909,2385,-75938
59572224,67.07727273,2147,-72032
59637760,69.43977273,1888,-68786
59703296,71.86022727,1684,-65957
59768832,74.19545455,1376,-63549
59834368,76.45909091,1086,-61814
59899904,78.44488636,757,-60376
59965440,80.48522727,355,-59658
60030976,82.46931818,-50,-59392
60096512,84.42613636,-533,-59794
60162048,86.07613636,-1001,-60802
60227584,87.92897727,-1490,-62391
60293120,89.54829545,-1726,-64589
60358656,91.38579545,-1565,-66699
60424192,92.87727273,-1338,-68415
60489728,94.48636364,-1260,-69917
60555264,96.01704545,-1159,-71393
60620800,97.44545455,-917,-72613
60686336,98.86022727,-750,-73495
60751872,100.25625,-614,-74308
60817408,101.6369318,-469,-74864
60882944,103.0636364,-303,-75338
60948480,104.4920455,-38,-75520
61014016,105.6085227,172,-75420
61079552,106.9022727,306,-75155
61145088,108.2488636,431,-74781
61210624,109.3414773,559,-74265
61276160,110.5227273,685,-73639
61341696,111.7176136,808,-72881
61407232,112.7880682,934,-72024
61472768,113.8534091,1096,-71031
61538304,114.9119318,1348,-69873
61603840,115.9704545,1574,-68411
61669376,117.0255682,1850,-66840
61734912,118.0823864,2206,-64879
61800448,119.1153409,2694,-62667
61865984,119.98125,3285,-59827
61931520,120.9494318,3887,-56550
61997056,121.9414773,4293,-52647
62062592,122.9948864,4162,-48685
62128128,124.1369318,3752,-45088
62193664,125.0659091,3361,-41932
62259200,125.9403409,3138,-39083
62324736,126.9034091,3042,-36366
62390272,127.8613636,2928,-33727
62455808,128.8107955,2955,-31250
62521344,129.7517045,2952,-28602
62586880,130.5170455,2825,-26167
62652416,131.4017045,2815,-23766
62717952,132.2181818,2868,-21381
62783488,133.0244318,2970,-18920
62849024,133.9022727,2919,-16393
62914560,134.6267045,2945,-14050
62980096,135.3477273,3072,-11505
63045632,136.2119318,3071,-8980
63111168,136.9994318,3118,-6468
63176704,137.7732955,3263,-3895
63242240,138.6357955,3472,-1176
63307776,139.3329545,3919,1700
63373312,139.725,4626,5108
63438848,140.2926136,5330,9096
63504384,140.9965909,5958,13596
63569920,141.6664773,6713,18538
63635456,142.2613636,7473,24184
63700992,142.9278409,7763,30274
63766528,143.6011364,7628,36319
63832064,144.2795455,7308,42142
63897600,144.9579545,7109,47636
63963136,145.4761364,6774,53099
64028672,146.1102273,6184,58039
64094208,146.7818182,5744,62555
64159744,147.4840909,5065,66783
64225280,148.1965909,4226,70228
64290816,148.9022727,3639,73154
64356352,149.5670455,3209,75688
64421888,150.1363636,2792,77948
64487424,150.5625,2465,79843
64552960,151.0704545,2300,81605
64618496,151.6482955,2118,83245
64684032,152.2278409,1913,84726
64749568,152.68125,1733,86052
64815104,153.1738636,1574,87262
64880640,153.7585227,1251,88349
64946176,154.3482955,768,89079
65011712,154.8494318,248,89460
65077248,155.3011364,-520,89436
65142784,155.7732955,-1319,88712
65208320,156.2232955,-1707,87543
65273856,156.6647727,-1789,86270
65339392,157.0909091,-1537,84992
65404928,157.7113636,-1129,84084
65470464,156.7840909,-800,83393
65536000,154.3278409,-310,82944
65601536,149.6727273,107,82944
65667072,144.9954545,234,83103
65732608,140.2090909,291,83304
65798144,135.3579545,419,83566
65863680,130.6125,512,83996
65929216,125.8619318,513,84442
65994752,121.0943182,406,84906
66060288,116.3335227,279,85190
66125824,111.4073864,256,85441
66191360,106.7727273,152,85704
66256896,102.1142045,139,85760
66322432,97.01420455,111,86008
66387968,92.37784091,45,86016
66453504,87.68522727,100,86117
66519040,82.53409091,67,86272
66584576,77.57727273,89,86298
66650112,72.77897727,44,86528
66715648,67.55454545,-294,86434
66781184,62.67954545,-1047,85557
66846720,58.74204545,-2230,82703
66912256,55.01420455,-3906,77076
66977792,50.95909091,-5846,66842
67043328,46.60227273,-7915,51444
67108864,42.52670455,-10060,28896
67174400,40.27159091,-9920,-1409
67239936,40.02954545,-7128,-26135
67305472,39.88125,-4025,-41192
67371008,39.05454545,-1394,-48687
67436544,37.88011364,922,-49166
67502080,37.15227273,3106,-43247
67567616,38.56022727,4348,-30487
67633152,42.42443182,3420,-18056
67698688,45.76875,1176,-12475
67764224,48.44488636,-850,-12315
67829760,48.525,-1421,-16393
67895296,45.34261364,146,-18860
67960832,41.77840909,2750,-15673
68026368,39.12272727,5968,-4155
68091904,37.90568182,8040,18411
68157440,37.98068182,6831,43231
68222976,38.72386364,3891,58591
68288512,39.61534091,1058,65682
68354048,40.19147727,-2120,64558
68419584,41.54318182,-5367,53897
68485120,44.46647727,-6172,35696
68550656,47.80397727,-4432,22888
68616192,51.41590909,-3184,14983
68681728,54.66477273,-3005,9054
68747264,57.92215909,-3391,2701
68812800,60.59318182,-3701,-4024
68878336,63.55056818,-3851,-10945
68943872,66.18409091,-3841,-17562
69009408,68.59090909,-3749,-23912
69074944,70.97215909,-3620,-29774
69140480,73.52045455,-3385,-35307
69206016,75.58295455,-3121,-40060
69271552,77.81420455,-2882,-44532
69337088,79.97556818,-2581,-48336
69402624,81.98011364,-2315,-51742
69468160,83.74602273,-1969,-54643
69533696,85.71818182,-1534,-56994
69599232,87.59659091,-1212,-58641
69664768,89.25,-897,-60085
69730304,90.87443182,-551,-60886
69795840,92.68636364,-230,-61440
69861376,94.24772727,54,-61440
69926912,95.89772727,255,-61311
69992448,97.37386364,635,-60846
70057984,98.79375,947,-59853
70123520,100.2613636,1268,-58704
70189056,101.7119318,1792,-57027
70254592,103.1096591,2212,-54768
70320128,104.3284091,2516,-52235
70385664,105.6647727,2915,-49380
70451200,106.8784091,3280,-46072
70516736,108.2386364,3545,-42524
70582272,109.5,3807,-38754
70647808,110.6897727,3976,-34756
70713344,112.0193182,3438,-30729
70778880,113.2380682,1507,-27899
70844416,114.2880682,-1160,-27755
70909952,115.3585227,-3214,-30167
70975488,116.5721591,-4067,-33979
71041024,117.6528409,-4231,-37962
71106560,118.5357955,-4217,-42014
71172096,119.6011364,-4234,-45911
71237632,120.7926136,-4208,-49924
71303168,121.7948864,-4097,-53694
71368704,122.79375,-3974,-57439
71434240,123.7823864,-3736,-60924
71499776,124.5954545,-3508,-64181
71565312,125.6625,-3284,-67216
71630848,126.7022727,-3120,-70020
71696384,127.5664773,-3030,-72718
71761920,128.3863636,-2948,-75326
71827456,129.3136364,-3108,-77848
71892992,130.3142045,-3044,-80696
71958528,131.2926136,-2674,-83067
72024064,132.0153409,-2306,-85246
72089600,132.8113636,-1797,-86970
72155136,133.6704545,-1323,-88269
72220672,134.5005682,-801,-89181
72286208,135.2198864,-127,-89600
72351744,135.9630682,353,-89391
72417280,136.6926136,482,-89020
72482816,137.4085227,512,-88603
72548352,138.1738636,512,-88188
72613888,139.0534091,512,-87774
72679424,139.9261364,512,-87365
72744960,140.5056818,512,-86957
72810496,141.1244318,473,-86551
72876032,141.8147727,340,-86209
72941568,142.5,123,-86016
73007104,143.1835227,0,-86016
73072640,143.9897727,-60,-86016
73138176,144.675,-188,-86109
73203712,145.2085227,-256,-86307
73269248,145.8801136,-367,-86503
73334784,146.5448864,-424,-86869
73400320,147.1159091,-344,-87149
73465856,147.6528409,-415,-87391
73531392,148.3125,-512,-87778
73596928,148.9670455,-437,-88162
73662464,149.5244318,-341,-88433
73728000,150.0119318,-416,-88671
73793536,150.4994318,-512,-89052
73859072,151.1301136,-441,-89431
73924608,151.7744318,-338,-89704
73990144,152.4153409,-409,-89929
74055680,153.0545455,-406,-90304
74121216,153.5590909,-336,-90522
74186752,154.0329545,-442,-90792
74252288,154.5085227,-512,-91163
74317824,154.9789773,-424,-91533
74383360,155.5585227,-334,-91775
74448896,156.1380682,-421,-92012
74514432,156.6051136,-512,-92377
74579968,157.0721591,-450,-92743
74645504,157.6125,-321,-93017
74711040,158.2056818,-256,-93198
74776576,158.5142045,-172,-93379
74842112,158.9215909,-74,-93440
74907648,159.3818182,-158,-93483
74973184,159.8403409,-256,-93662
75038720,160.2971591,-208,-93840
75104256,160.7522727,-80,-93952
75169792,161.2056818,-119,-93952
75235328,161.6590909,-185,-94117
75300864,162.1107955,-70,-94208
75366400,162.5556818,-132,-94214
75431936,162.8556818,-256,-94390
75497472,163.1539773,-241,-94565
75563008,163.4710227,-113,-94720
75628544,163.9176136,-83,-94720
75694080,164.3625,-211,-94833
75759616,164.7801136,-256,-95007
75825152,165.0767045,-166,-95181
75890688,165.4755682,-66,-95232
75956224,165.8829545,-156,-95270
76021760,166.1761364,-256,-95442
76087296,166.4693182,-225,-95614
76152832,166.7625,-97,-95744
76218368,167.0539773,-96,-95744
76283904,167.3454545,-224,-95872
76349440,167.6744318,-256,-96043
76414976,168.1090909,-160,-96213
76480512,168.4346591,-63,-96256
76546048,168.7244318,-159,-96297
76611584,169.0125,-163,-96466
76677120,169.3022727,-62,-96512
76742656,169.5579545,-155,-96548
76808192,169.7011364,-256,-96717
76873728,169.9448864,-234,-96885
76939264,170.2568182,-106,-97024
77004800,170.6863636,-83,-97024
77070336,171.0204545,-211,-97132
77135872,171.2897727,-256,-97300
77201408,171.43125,-181,-97466
77266944,171.5659091,-54,-97536
77332480,171.7073864,0,-97536
77398016,172.1335227,0,-97536
77410535,172.2136364,0,-97536
